uppercut_left,aplagov3_5.mp4,0.43484002351760864,0.5843918919563293,0.5942504405975342,0.8395509719848633,0.3403658866882324,0.7733906507492065,0.5955349206924438,0.9655757546424866
uppercut_left,aplagov3_5.mp4,0.4316331744194031,0.5885302424430847,0.5943782925605774,0.839448094367981,0.33714786171913147,0.7680031657218933,0.598172664642334,0.9645243883132935
uppercut_left,aplagov3_5.mp4,0.4303934574127197,0.5903636813163757,0.594382107257843,0.839341402053833,0.3356880843639374,0.7661173343658447,0.6001097559928894,0.9644777774810791
uppercut_left,aplagov3_5.mp4,0.4294544756412506,0.5917308926582336,0.5944557189941406,0.8364095687866211,0.3348480463027954,0.7656174302101135,0.600929856300354,0.9649684429168701
uppercut_left,aplagov3_5.mp4,0.428697407245636,0.5928885340690613,0.5945832133293152,0.8355765342712402,0.3342776894569397,0.7653366327285767,0.6012930870056152,0.965042769908905
uppercut_left,aplagov3_5.mp4,0.42814141511917114,0.5938822627067566,0.594655454158783,0.8352323174476624,0.33389073610305786,0.7651491165161133,0.6016136407852173,0.9649460911750793
uppercut_left,aplagov3_5.mp4,0.42770710587501526,0.5947079062461853,0.5946934223175049,0.8350076675415039,0.333600789308548,0.7651451826095581,0.6019688248634338,0.9649440050125122
uppercut_left,aplagov3_5.mp4,0.427513986825943,0.5951074957847595,0.5946412682533264,0.836657702922821,0.33334845304489136,0.76515793800354,0.6019500494003296,0.9646140336990356
uppercut_left,aplagov3_5.mp4,0.42744359374046326,0.5952835083007812,0.5945368409156799,0.8366067409515381,0.3332573175430298,0.7651178240776062,0.6019383668899536,0.9643273949623108
uppercut_left,aplagov3_5.mp4,0.4273143708705902,0.5954685807228088,0.5944352746009827,0.8366028666496277,0.3330481946468353,0.765108585357666,0.6021518707275391,0.964679479598999
uppercut_left,aplagov3_5.mp4,0.4272662103176117,0.5955866575241089,0.5944057106971741,0.8366468548774719,0.3328433036804199,0.7650926113128662,0.6022878885269165,0.9648686051368713
uppercut_left,aplagov3_5.mp4,0.42720556259155273,0.5956895351409912,0.5943446755409241,0.8367560505867004,0.33266085386276245,0.7650999426841736,0.6025194525718689,0.9650196433067322
uppercut_left,aplagov3_5.mp4,0.4271295964717865,0.5957765579223633,0.5941613912582397,0.8367602825164795,0.33249884843826294,0.7650948166847229,0.6026909947395325,0.965370774269104
uppercut_left,aplagov3_5.mp4,0.42707425355911255,0.5958292484283447,0.5938042402267456,0.8391898274421692,0.33233642578125,0.7650893926620483,0.6028195023536682,0.9653888940811157
uppercut_left,aplagov3_5.mp4,0.4270351827144623,0.5958578586578369,0.5934702754020691,0.8402117490768433,0.33222147822380066,0.7650419473648071,0.6028947234153748,0.965580940246582
uppercut_left,aplagov3_4.mp4,0.44156861305236816,0.5763455033302307,0.5867844820022583,0.8586612343788147,0.33554044365882874,0.7422763109207153,0.6135277152061462,0.9664515852928162
uppercut_left,aplagov3_4.mp4,0.44613489508628845,0.5685733556747437,0.5834404230117798,0.8661574721336365,0.33731749653816223,0.7364044189453125,0.6187382936477661,0.9683738946914673
uppercut_left,aplagov3_4.mp4,0.44709619879722595,0.5665285587310791,0.5833488702774048,0.8688745498657227,0.3382362425327301,0.7352787256240845,0.6208899617195129,0.9714478254318237
uppercut_left,aplagov3_4.mp4,0.44759368896484375,0.5654613375663757,0.5825971364974976,0.8698055744171143,0.33893924951553345,0.7349299192428589,0.6219984292984009,0.971748948097229
uppercut_left,aplagov3_4.mp4,0.448350191116333,0.5646766424179077,0.5809203386306763,0.8748672604560852,0.3395911753177643,0.7350080013275146,0.621501088142395,0.9717354774475098
uppercut_left,aplagov3_4.mp4,0.4486256241798401,0.5643097162246704,0.5795432329177856,0.8788213729858398,0.3396371901035309,0.734275758266449,0.6209661364555359,0.9712867736816406
uppercut_left,aplagov3_4.mp4,0.4487108290195465,0.5643417835235596,0.5789529085159302,0.8805609941482544,0.3395666778087616,0.7333546280860901,0.6209436655044556,0.9711891412734985
uppercut_left,aplagov3_4.mp4,0.4489249289035797,0.5642771124839783,0.578334629535675,0.8816273212432861,0.3395130932331085,0.7321755886077881,0.6209997534751892,0.9711036086082458
uppercut_left,aplagov3_4.mp4,0.4490692615509033,0.5643630027770996,0.5782262086868286,0.8825699687004089,0.3394794166088104,0.7316429018974304,0.621156632900238,0.9710714817047119
uppercut_left,aplagov3_4.mp4,0.4490293562412262,0.5645240545272827,0.5781608819961548,0.8831815123558044,0.33945009112358093,0.7315115332603455,0.6211825609207153,0.9710521101951599
uppercut_left,aplagov3_4.mp4,0.448923259973526,0.5646814107894897,0.5780913233757019,0.8834342956542969,0.33943748474121094,0.7314502000808716,0.6210590600967407,0.9709759950637817
uppercut_left,aplagov3_4.mp4,0.44885650277137756,0.5648018717765808,0.5780461430549622,0.8834933638572693,0.3394441306591034,0.7314081192016602,0.6209642887115479,0.9709576964378357
uppercut_left,aplagov3_4.mp4,0.44877004623413086,0.5649256110191345,0.5781370401382446,0.8832511305809021,0.3394371569156647,0.7314356565475464,0.6208945512771606,0.9709405899047852
uppercut_left,aplagov3_4.mp4,0.44870391488075256,0.5650297403335571,0.5782007575035095,0.883054792881012,0.3394331634044647,0.7314352989196777,0.620843768119812,0.9709262251853943
uppercut_left,aplagov3_4.mp4,0.448648065328598,0.565111517906189,0.5782557725906372,0.8828121423721313,0.3394314646720886,0.7314444780349731,0.6207995414733887,0.9709101319313049
uppercut_left,aplagov3_1.mp4,0.4327504634857178,0.5682999491691589,0.5737177133560181,0.4657067656517029,0.34445056319236755,0.7424605488777161,0.6087173819541931,0.6835864186286926
uppercut_left,aplagov3_1.mp4,0.4283164143562317,0.5697469711303711,0.5710020065307617,0.4435911774635315,0.3459565043449402,0.7460043430328369,0.6087741255760193,0.6466962099075317
uppercut_left,aplagov3_1.mp4,0.4251888692378998,0.5748238563537598,0.5715488195419312,0.452659010887146,0.34629949927330017,0.748483419418335,0.5887850522994995,0.6857127547264099
uppercut_left,aplagov3_1.mp4,0.4246583580970764,0.5771618485450745,0.5715941190719604,0.4469797909259796,0.34622013568878174,0.749172031879425,0.5946465134620667,0.6682822108268738
uppercut_left,aplagov3_1.mp4,0.4257603585720062,0.5770396590232849,0.5712460875511169,0.44299209117889404,0.3461608290672302,0.7501748204231262,0.5975981950759888,0.6618654727935791
uppercut_left,aplagov3_1.mp4,0.42659392952919006,0.5769081711769104,0.5707982182502747,0.4386049807071686,0.3460231423377991,0.7503499984741211,0.5987315773963928,0.6570098996162415
uppercut_left,aplagov3_1.mp4,0.4268263280391693,0.5772616863250732,0.5697686672210693,0.437644362449646,0.34597739577293396,0.7507984638214111,0.5993846654891968,0.6492457985877991
uppercut_left,aplagov3_1.mp4,0.42697960138320923,0.577472984790802,0.5697405338287354,0.43634888529777527,0.3459509313106537,0.751251220703125,0.5998022556304932,0.6438988447189331
uppercut_left,aplagov3_1.mp4,0.4273648262023926,0.5774186253547668,0.5693041086196899,0.4339580833911896,0.34585514664649963,0.7516955733299255,0.5998648405075073,0.6331367492675781
uppercut_left,aplagov3_1.mp4,0.4276387691497803,0.5773656368255615,0.5690451860427856,0.43534788489341736,0.3458181321620941,0.7532246112823486,0.6008955240249634,0.6289929151535034
uppercut_left,aplagov3_1.mp4,0.4278468191623688,0.5774199962615967,0.5690794587135315,0.43698349595069885,0.34602394700050354,0.7540462017059326,0.6011195182800293,0.6237004995346069
uppercut_left,aplagov3_1.mp4,0.4279724955558777,0.5776350498199463,0.5691089630126953,0.43983539938926697,0.34630483388900757,0.7550440430641174,0.6012876629829407,0.6359943747520447
uppercut_left,aplagov3_1.mp4,0.42802906036376953,0.5778750777244568,0.5694189667701721,0.4416030943393707,0.34661370515823364,0.7564428448677063,0.6014231443405151,0.6448099613189697
uppercut_left,aplagov3_1.mp4,0.42807120084762573,0.5779247283935547,0.5697380900382996,0.442640483379364,0.3467702269554138,0.7575064897537231,0.6021589040756226,0.6498047113418579
uppercut_left,aplagov3_1.mp4,0.4281300902366638,0.5779678225517273,0.5699982643127441,0.44322919845581055,0.34697824716567993,0.7587980628013611,0.6024203300476074,0.6530842185020447
uppercut_left,aplagov3_3.mp4,0.46057215332984924,0.571956992149353,0.6198078393936157,0.992980420589447,0.3510964810848236,0.7330651879310608,0.61963951587677,0.9490879774093628
uppercut_left,aplagov3_3.mp4,0.46541962027549744,0.5686952471733093,0.6263219118118286,1.0079457759857178,0.35457462072372437,0.7263936400413513,0.6268209218978882,0.9623533487319946
uppercut_left,aplagov3_3.mp4,0.46705198287963867,0.5675324201583862,0.6194634437561035,0.9937174320220947,0.3566809296607971,0.7241584062576294,0.6300191283226013,0.9659951329231262
uppercut_left,aplagov3_3.mp4,0.46795377135276794,0.567020833492279,0.6296327114105225,1.0186344385147095,0.3587345480918884,0.7222697734832764,0.6306912302970886,0.969734787940979
uppercut_left,aplagov3_3.mp4,0.4688876271247864,0.5653297901153564,0.6334518790245056,1.0312073230743408,0.35860055685043335,0.7198588848114014,0.6310802698135376,0.9721473455429077
uppercut_left,aplagov3_3.mp4,0.4691696763038635,0.5643256902694702,0.6255656480789185,1.0034379959106445,0.3597179055213928,0.7178329229354858,0.6314055323600769,0.9679717421531677
uppercut_left,aplagov3_3.mp4,0.46928343176841736,0.5636553168296814,0.622538685798645,1.0006300210952759,0.36138373613357544,0.7179484963417053,0.6306158304214478,0.9656930565834045
uppercut_left,aplagov3_3.mp4,0.46955353021621704,0.5632234215736389,0.6210727095603943,1.0012516975402832,0.3626921772956848,0.7184802293777466,0.6299765706062317,0.9643480181694031
uppercut_left,aplagov3_3.mp4,0.46940332651138306,0.5630615949630737,0.6202376484870911,1.0012800693511963,0.3635179400444031,0.7189894914627075,0.6295212507247925,0.962847888469696
uppercut_left,aplagov3_3.mp4,0.4696590304374695,0.5627264380455017,0.619972288608551,1.0010513067245483,0.36400312185287476,0.7194830775260925,0.6291928291320801,0.9633283615112305
uppercut_left,aplagov3_3.mp4,0.46987661719322205,0.5623894333839417,0.6199641227722168,0.9991564154624939,0.3642747700214386,0.7198765277862549,0.6291001439094543,0.9630125164985657
uppercut_left,aplagov3_3.mp4,0.46990078687667847,0.5622124671936035,0.620080292224884,0.9914568662643433,0.3644590973854065,0.7201443314552307,0.6286741495132446,0.9625460505485535
uppercut_left,aplagov3_3.mp4,0.4697733521461487,0.5621427297592163,0.6201292872428894,0.9900203943252563,0.36436399817466736,0.720345139503479,0.6283373236656189,0.9626790285110474
uppercut_left,aplagov3_3.mp4,0.46962180733680725,0.5621553063392639,0.6196037530899048,0.9973970055580139,0.3642345070838928,0.7204509377479553,0.6282712817192078,0.9629907608032227
uppercut_left,aplagov3_3.mp4,0.4694839417934418,0.5621666312217712,0.6191033124923706,0.999800980091095,0.3641681373119354,0.7205332517623901,0.6281413435935974,0.9631056189537048
uppercut_left,aplagov3_2.mp4,0.43917790055274963,0.5808798670768738,0.5634850263595581,0.4266631305217743,0.35729876160621643,0.751512885093689,0.576744794845581,0.38592761754989624
uppercut_left,aplagov3_2.mp4,0.43496569991111755,0.5881498456001282,0.5569086670875549,0.40238291025161743,0.354286789894104,0.7630878686904907,0.5671249628067017,0.3762480914592743
uppercut_left,aplagov3_2.mp4,0.4361254572868347,0.5879767537117004,0.5556237101554871,0.41462334990501404,0.35139399766921997,0.7680113911628723,0.5638687014579773,0.39789965748786926
uppercut_left,aplagov3_2.mp4,0.43558230996131897,0.5890110731124878,0.5564265251159668,0.4080394208431244,0.3507760167121887,0.7725723385810852,0.5623592138290405,0.4043097198009491
uppercut_left,aplagov3_2.mp4,0.43672966957092285,0.5877355933189392,0.5567267537117004,0.4058091342449188,0.34990745782852173,0.7712627649307251,0.5626555681228638,0.3961292803287506
uppercut_left,aplagov3_2.mp4,0.436800479888916,0.5871755480766296,0.5572121739387512,0.4030091166496277,0.3493513762950897,0.7713525295257568,0.563460111618042,0.3905804455280304
uppercut_left,aplagov3_2.mp4,0.4358624517917633,0.5872418880462646,0.555501401424408,0.41046997904777527,0.34877389669418335,0.7717397212982178,0.5644625425338745,0.38367435336112976
uppercut_left,aplagov3_2.mp4,0.43488892912864685,0.5869898200035095,0.5558448433876038,0.40781542658805847,0.34887444972991943,0.7728422284126282,0.5628218650817871,0.408136785030365
uppercut_left,aplagov3_2.mp4,0.4342992305755615,0.5867453813552856,0.5568667650222778,0.40886497497558594,0.34904342889785767,0.7741888165473938,0.5625169277191162,0.41523611545562744
uppercut_left,aplagov3_2.mp4,0.434338241815567,0.5865400433540344,0.5573920607566833,0.41074439883232117,0.34919247031211853,0.7748020887374878,0.562796950340271,0.4124443531036377
uppercut_left,aplagov3_2.mp4,0.4345123767852783,0.5864417552947998,0.5578972101211548,0.40326300263404846,0.349301278591156,0.77525395154953,0.5631226897239685,0.409487783908844
uppercut_left,aplagov3_2.mp4,0.4347282946109772,0.5863426923751831,0.5575851202011108,0.41015031933784485,0.3493923544883728,0.7753357887268066,0.5634310245513916,0.4078731834888458
uppercut_left,aplagov3_2.mp4,0.4348209798336029,0.5862574577331543,0.5576825141906738,0.41123995184898376,0.34941110014915466,0.7754752039909363,0.5635445713996887,0.40903031826019287
uppercut_left,aplagov3_2.mp4,0.4349212646484375,0.5861907601356506,0.5576814413070679,0.4120480716228485,0.3494683802127838,0.775545597076416,0.5637525320053101,0.40685370564460754
uppercut_left,aplagov3_2.mp4,0.4349813461303711,0.5861456394195557,0.5576722621917725,0.4120432436466217,0.3495662212371826,0.7755610942840576,0.5637921094894409,0.4061848521232605
uppercut_left,zkuah3_5.mp4,0.3234415650367737,1.0674998760223389,0.8621100783348083,1.1348804235458374,0.32382386922836304,0.8671931028366089,0.8383457064628601,0.8979756832122803
uppercut_left,zkuah3_5.mp4,0.3140464425086975,1.1249244213104248,0.9043499231338501,1.1712406873703003,0.29554668068885803,0.8702368140220642,0.8456161618232727,0.8926547765731812
uppercut_left,zkuah3_5.mp4,0.30687952041625977,1.1221017837524414,0.9056181907653809,1.1624701023101807,0.286713570356369,0.8748362064361572,0.8429898023605347,0.8843088746070862
uppercut_left,zkuah3_5.mp4,0.2482922524213791,1.1794766187667847,0.9055907726287842,1.1852344274520874,0.2748846411705017,0.8773006200790405,0.8455883860588074,0.9113301038742065
uppercut_left,zkuah3_5.mp4,0.2651764750480652,1.1836634874343872,0.9186840057373047,1.1927566528320312,0.27061471343040466,0.8799830675125122,0.8477745056152344,0.9017844200134277
uppercut_left,zkuah3_5.mp4,0.2395532727241516,1.2080522775650024,0.911369264125824,1.2380783557891846,0.2655305862426758,0.8807580471038818,0.8501110672950745,0.9111167788505554
uppercut_left,zkuah3_5.mp4,0.22659511864185333,1.1949001550674438,0.9238700270652771,1.2750235795974731,0.25714942812919617,0.8749951720237732,0.8546574711799622,0.9227153062820435
uppercut_left,zkuah3_5.mp4,0.23645168542861938,1.2096879482269287,0.9243491291999817,1.2872029542922974,0.2592610716819763,0.8901067972183228,0.8620064854621887,0.9320325255393982
uppercut_left,zkuah3_5.mp4,0.22962772846221924,1.18672776222229,0.9361804723739624,1.2963343858718872,0.2580399215221405,0.8959954977035522,0.8613680601119995,0.9227807521820068
uppercut_left,zkuah3_5.mp4,0.20690909028053284,1.1985641717910767,0.9331369996070862,1.2938990592956543,0.250640332698822,0.9024174809455872,0.8627414107322693,0.9225146770477295
uppercut_left,zkuah3_5.mp4,0.21794436872005463,1.221789836883545,0.9373140931129456,1.2803006172180176,0.25323203206062317,0.9096898436546326,0.8614527583122253,0.9094535112380981
uppercut_left,zkuah3_5.mp4,0.2133394330739975,1.2243361473083496,0.9500634074211121,1.3060438632965088,0.24875237047672272,0.9081416726112366,0.8615586757659912,0.9181427955627441
uppercut_left,zkuah3_5.mp4,0.21833641827106476,1.237252950668335,0.9409286975860596,1.3239498138427734,0.24258697032928467,0.9055653214454651,0.8587941527366638,0.9157921075820923
uppercut_left,zkuah3_5.mp4,0.21849675476551056,1.2373073101043701,0.9371150135993958,1.332655429840088,0.2396346479654312,0.9040274024009705,0.8578070998191833,0.9176739454269409
uppercut_left,zkuah3_5.mp4,0.2088836133480072,1.2710962295532227,0.940917432308197,1.3297829627990723,0.23334276676177979,0.9031506776809692,0.8599265813827515,0.9133754372596741
uppercut_left,zkuah3_4.mp4,0.21519379317760468,1.246533751487732,0.9062593579292297,1.326427936553955,0.25670528411865234,0.9173869490623474,0.857293426990509,0.9302645325660706
uppercut_left,zkuah3_4.mp4,0.2211875021457672,1.2333002090454102,0.9028947353363037,1.329957127571106,0.26351138949394226,0.9173159003257751,0.8580703735351562,0.9362052083015442
uppercut_left,zkuah3_4.mp4,0.22252093255519867,1.2535573244094849,0.8953694701194763,1.3202253580093384,0.2642715871334076,0.916560709476471,0.8567191362380981,0.9331896305084229
uppercut_left,zkuah3_4.mp4,0.22292514145374298,1.2857447862625122,0.917451798915863,1.3490352630615234,0.26446765661239624,0.9239194393157959,0.85623699426651,0.9379382729530334
uppercut_left,zkuah3_4.mp4,0.22019433975219727,1.278090000152588,0.9292396903038025,1.373658299446106,0.26394790410995483,0.9243132472038269,0.8562491536140442,0.9436718225479126
uppercut_left,zkuah3_4.mp4,0.22061267495155334,1.269170880317688,0.9171169400215149,1.3568061590194702,0.26406359672546387,0.9229408502578735,0.855758011341095,0.9395392537117004
uppercut_left,zkuah3_4.mp4,0.23238438367843628,1.2650645971298218,0.9088853597640991,1.3478503227233887,0.26420027017593384,0.9236767292022705,0.8553674221038818,0.9394047260284424
uppercut_left,zkuah3_4.mp4,0.248372420668602,1.241249680519104,0.9061023592948914,1.3409868478775024,0.2642938196659088,0.9231019616127014,0.8550792932510376,0.9372866153717041
uppercut_left,zkuah3_4.mp4,0.2477235347032547,1.2398078441619873,0.9056925177574158,1.3383731842041016,0.2642531991004944,0.9247275590896606,0.8551124930381775,0.9360854029655457
uppercut_left,zkuah3_4.mp4,0.2475963979959488,1.23630952835083,0.9056603908538818,1.335838794708252,0.2620476484298706,0.9238707423210144,0.8549826741218567,0.9351394772529602
uppercut_left,zkuah3_4.mp4,0.2475557178258896,1.2419402599334717,0.905695378780365,1.3341933488845825,0.25843632221221924,0.923430323600769,0.8550887703895569,0.9341514706611633
uppercut_left,zkuah3_4.mp4,0.23608379065990448,1.27060067653656,0.9044932723045349,1.3464090824127197,0.2540134787559509,0.923479437828064,0.8554465770721436,0.9361389875411987
uppercut_left,zkuah3_4.mp4,0.21374452114105225,1.2707051038742065,0.9170212149620056,1.3518718481063843,0.24859972298145294,0.9144729375839233,0.8553935885429382,0.9355348944664001
uppercut_left,zkuah3_4.mp4,0.20459988713264465,1.2731493711471558,0.9157237410545349,1.3501447439193726,0.23846085369586945,0.9009997248649597,0.8553990721702576,0.9353998899459839
uppercut_left,zkuah3_4.mp4,0.2023697793483734,1.2774336338043213,0.91358482837677,1.3536310195922852,0.23631294071674347,0.8977968692779541,0.8553657531738281,0.9349222779273987
uppercut_left,zkuah3_3.mp4,0.2365710586309433,1.2345564365386963,0.9150492548942566,1.3676040172576904,0.2601495683193207,0.9092493653297424,0.8551774621009827,0.9469441175460815
uppercut_left,zkuah3_3.mp4,0.253275990486145,1.2109098434448242,0.8950622081756592,1.3654536008834839,0.2668497860431671,0.9098438024520874,0.854565441608429,0.9458141922950745
uppercut_left,zkuah3_3.mp4,0.24252630770206451,1.2523893117904663,0.8829706311225891,1.3636528253555298,0.2665293514728546,0.9125611186027527,0.8528802394866943,0.9450555443763733
uppercut_left,zkuah3_3.mp4,0.23053723573684692,1.276207685470581,0.9101133346557617,1.369773507118225,0.26623430848121643,0.9170973896980286,0.8524219393730164,0.9444377422332764
uppercut_left,zkuah3_3.mp4,0.21826983988285065,1.2978078126907349,0.9243947863578796,1.373569369316101,0.26550260186195374,0.9215575456619263,0.8524053692817688,0.9443013668060303
uppercut_left,zkuah3_3.mp4,0.21845057606697083,1.3054438829421997,0.9373573064804077,1.3820664882659912,0.2650495767593384,0.9231467247009277,0.8526241779327393,0.9438581466674805
uppercut_left,zkuah3_3.mp4,0.21760739386081696,1.3004248142242432,0.9229382276535034,1.3737494945526123,0.2648999094963074,0.9232575297355652,0.8525727987289429,0.9427871704101562
uppercut_left,zkuah3_3.mp4,0.2221643179655075,1.2990901470184326,0.9107139110565186,1.3693506717681885,0.2646546959877014,0.9223665595054626,0.8524714708328247,0.9418355226516724
uppercut_left,zkuah3_3.mp4,0.22674505412578583,1.2831546068191528,0.9033330082893372,1.3679368495941162,0.26458609104156494,0.922393798828125,0.8524290323257446,0.9416930079460144
uppercut_left,zkuah3_3.mp4,0.22977204620838165,1.2506089210510254,0.9030547142028809,1.3681856393814087,0.26374101638793945,0.9223452210426331,0.8527125120162964,0.9414206743240356
uppercut_left,zkuah3_3.mp4,0.23149606585502625,1.2507274150848389,0.9015631675720215,1.3695818185806274,0.2624497711658478,0.9216605424880981,0.8527308106422424,0.9411960244178772
uppercut_left,zkuah3_3.mp4,0.23226141929626465,1.2514338493347168,0.8998262286186218,1.3635390996932983,0.26048141717910767,0.9155235886573792,0.8527259230613708,0.9363208413124084
uppercut_left,zkuah3_3.mp4,0.2208174616098404,1.2648717164993286,0.8986340761184692,1.3569793701171875,0.25315195322036743,0.913051426410675,0.8523610234260559,0.9290580749511719
uppercut_left,zkuah3_3.mp4,0.21331146359443665,1.275797724723816,0.8988970518112183,1.3560229539871216,0.24752496182918549,0.9071579575538635,0.8522911071777344,0.9274553656578064
uppercut_left,zkuah3_3.mp4,0.20876024663448334,1.2807585000991821,0.8991305828094482,1.3573888540267944,0.24398541450500488,0.9043509364128113,0.8522840142250061,0.9265725612640381
uppercut_left,zkuah3_2.mp4,0.2281012386083603,1.2401055097579956,0.9079950451850891,1.378261685371399,0.26039618253707886,0.9155727624893188,0.8542194962501526,0.9460539817810059
uppercut_left,zkuah3_2.mp4,0.24957235157489777,1.1985951662063599,0.9094581604003906,1.374213457107544,0.26603278517723083,0.9154351949691772,0.8540181517601013,0.9452033042907715
uppercut_left,zkuah3_2.mp4,0.24797965586185455,1.222412347793579,0.9174062609672546,1.3734779357910156,0.26615720987319946,0.9154729843139648,0.8529833555221558,0.9438888430595398
uppercut_left,zkuah3_2.mp4,0.2345000058412552,1.2508022785186768,0.9244893789291382,1.375817060470581,0.265518456697464,0.9155124425888062,0.8529401421546936,0.9433161616325378
uppercut_left,zkuah3_2.mp4,0.22541075944900513,1.276656150817871,0.9286056160926819,1.3759526014328003,0.26319435238838196,0.9174052476882935,0.852931559085846,0.9430076479911804
uppercut_left,zkuah3_2.mp4,0.22497467696666718,1.2828410863876343,0.9232392907142639,1.354904294013977,0.26311689615249634,0.9173943996429443,0.8527939319610596,0.9352593421936035
uppercut_left,zkuah3_2.mp4,0.2200709730386734,1.2835845947265625,0.9166120886802673,1.3433139324188232,0.2629474103450775,0.9189700484275818,0.8528154492378235,0.9249699711799622
uppercut_left,zkuah3_2.mp4,0.2192320078611374,1.285677194595337,0.9287351369857788,1.3434697389602661,0.2627808153629303,0.9191117286682129,0.8527988195419312,0.9221686720848083
uppercut_left,zkuah3_2.mp4,0.21875743567943573,1.285380244255066,0.9392854571342468,1.3438416719436646,0.26265019178390503,0.9190925359725952,0.8528140783309937,0.9215292930603027
uppercut_left,zkuah3_2.mp4,0.21876730024814606,1.285041332244873,0.9275790452957153,1.3441929817199707,0.2617853879928589,0.9191136956214905,0.8530762195587158,0.921600878238678
uppercut_left,zkuah3_2.mp4,0.21665063500404358,1.2854461669921875,0.9370719194412231,1.3567818403244019,0.25896313786506653,0.9189053773880005,0.8532482981681824,0.9216553568840027
uppercut_left,zkuah3_2.mp4,0.22132690250873566,1.2764548063278198,0.9132571816444397,1.3518469333648682,0.258232980966568,0.915650486946106,0.8532398343086243,0.9188017249107361
uppercut_left,zkuah3_2.mp4,0.22536155581474304,1.2616158723831177,0.8959341049194336,1.3325543403625488,0.2549266815185547,0.9016788005828857,0.8525403738021851,0.9069048762321472
uppercut_left,zkuah3_2.mp4,0.20792274177074432,1.2734453678131104,0.8983995318412781,1.3337018489837646,0.24775613844394684,0.9014081954956055,0.8522821664810181,0.9066663980484009
uppercut_left,zkuah3_2.mp4,0.20034939050674438,1.2808645963668823,0.8997189402580261,1.3347066640853882,0.24374273419380188,0.9012773036956787,0.8521929383277893,0.9070749878883362
uppercut_left,zkuah3_1.mp4,0.25906747579574585,1.156812310218811,0.9034674763679504,1.3550275564193726,0.2688053250312805,0.9123135209083557,0.8537861108779907,0.9307197332382202
uppercut_left,zkuah3_1.mp4,0.26555338501930237,1.175951600074768,0.8898534178733826,1.3523682355880737,0.2700091302394867,0.912276029586792,0.8534597754478455,0.931133508682251
uppercut_left,zkuah3_1.mp4,0.2586842477321625,1.1843273639678955,0.8899673223495483,1.350564956665039,0.26901721954345703,0.9123502373695374,0.8525877594947815,0.9306887984275818
uppercut_left,zkuah3_1.mp4,0.22707882523536682,1.2533423900604248,0.9157772064208984,1.3642464876174927,0.2683129906654358,0.9159774780273438,0.8525766730308533,0.9316675662994385
uppercut_left,zkuah3_1.mp4,0.2190549373626709,1.278598427772522,0.9148027896881104,1.3604068756103516,0.26516538858413696,0.9175755977630615,0.8525663614273071,0.931518018245697
uppercut_left,zkuah3_1.mp4,0.22124546766281128,1.2831581830978394,0.913879930973053,1.346930742263794,0.26503393054008484,0.9175405502319336,0.8521744608879089,0.9248340129852295
uppercut_left,zkuah3_1.mp4,0.21926896274089813,1.2920793294906616,0.9092870354652405,1.3469014167785645,0.26460346579551697,0.9211435317993164,0.8521638512611389,0.9245455265045166
uppercut_left,zkuah3_1.mp4,0.21415643393993378,1.2943699359893799,0.905906617641449,1.3450390100479126,0.2643147110939026,0.9234483242034912,0.8520607352256775,0.922857403755188
uppercut_left,zkuah3_1.mp4,0.21296045184135437,1.2931315898895264,0.9056475162506104,1.3447918891906738,0.2640267014503479,0.9243844747543335,0.8520007133483887,0.9229068160057068
uppercut_left,zkuah3_1.mp4,0.21367383003234863,1.2908620834350586,0.9058226346969604,1.344075083732605,0.2631450593471527,0.9234870076179504,0.852015495300293,0.9227479100227356
uppercut_left,zkuah3_1.mp4,0.21347913146018982,1.289854884147644,0.9056326746940613,1.3449591398239136,0.26027053594589233,0.9196668863296509,0.8520342111587524,0.9228136539459229
uppercut_left,zkuah3_1.mp4,0.21237726509571075,1.2882157564163208,0.9022008776664734,1.3466358184814453,0.25753989815711975,0.914507269859314,0.8521290421485901,0.9226251244544983
uppercut_left,zkuah3_1.mp4,0.2171712964773178,1.2708114385604858,0.8983386158943176,1.3443689346313477,0.2549152374267578,0.8997549414634705,0.8519664406776428,0.9154255986213684
uppercut_left,zkuah3_1.mp4,0.20914456248283386,1.2751777172088623,0.8984025120735168,1.3443745374679565,0.24693326652050018,0.8979110717773438,0.8519545197486877,0.9135480523109436
uppercut_left,zkuah3_1.mp4,0.20637646317481995,1.280200481414795,0.8990654945373535,1.3445671796798706,0.2431357204914093,0.8976962566375732,0.8520333170890808,0.91349858045578
hook_left,aplagov3_5.mp4,0.41661161184310913,0.7086648941040039,0.517375648021698,0.7143607139587402,0.3236086666584015,0.8221850991249084,0.4712137281894684,0.8083502054214478
hook_left,aplagov3_5.mp4,0.48837772011756897,0.6278687715530396,0.4807070195674896,0.6978195905685425,0.49536433815956116,0.7276456356048584,0.5054905414581299,0.8126013278961182
hook_left,aplagov3_5.mp4,0.47213926911354065,0.6223607659339905,0.49329090118408203,0.6676124930381775,0.4880872666835785,0.6926290988922119,0.49934977293014526,0.8142111301422119
hook_left,aplagov3_5.mp4,0.4640396237373352,0.6222565174102783,0.4668472707271576,0.6747594475746155,0.4982076585292816,0.7030649781227112,0.500942051410675,0.8256291151046753
hook_left,aplagov3_5.mp4,0.4914451241493225,0.6236085891723633,0.4920892119407654,0.6723235249519348,0.5224882364273071,0.7310256958007812,0.5160656571388245,0.8387136459350586
hook_left,aplagov3_5.mp4,0.475111186504364,0.6367267370223999,0.4713410437107086,0.6474930047988892,0.5050783157348633,0.7436364889144897,0.5056623816490173,0.7674874067306519
hook_left,aplagov3_5.mp4,0.48700714111328125,0.632364809513092,0.4898979663848877,0.6515181660652161,0.48107704520225525,0.7261278629302979,0.47725120186805725,0.790863573551178
hook_left,aplagov3_5.mp4,0.4909363389015198,0.6312680244445801,0.503749430179596,0.6434342265129089,0.46276816725730896,0.7629695534706116,0.48622608184814453,0.8006407022476196
hook_left,aplagov3_5.mp4,0.49612680077552795,0.6299332976341248,0.5080406665802002,0.6458897590637207,0.493344247341156,0.7666543126106262,0.4951680600643158,0.8029289841651917
hook_left,aplagov3_5.mp4,0.48219895362854004,0.6288601160049438,0.49704211950302124,0.6523847579956055,0.5098662376403809,0.7492671608924866,0.47699251770973206,0.8038927912712097
hook_left,aplagov3_5.mp4,0.48982471227645874,0.619808554649353,0.4956650137901306,0.6509588360786438,0.5055464506149292,0.7290284633636475,0.4726390242576599,0.8039734959602356
hook_left,aplagov3_5.mp4,0.4901401400566101,0.6241648197174072,0.4963570237159729,0.6382583379745483,0.49953532218933105,0.7254355549812317,0.47443827986717224,0.8003244996070862
hook_left,aplagov3_5.mp4,0.48291483521461487,0.6273987889289856,0.4959123730659485,0.6341273188591003,0.4927898049354553,0.7226880192756653,0.4761987328529358,0.795055627822876
hook_left,aplagov3_5.mp4,0.48703399300575256,0.6288304924964905,0.4960653781890869,0.6430280208587646,0.492542564868927,0.7262693047523499,0.4796682894229889,0.7983880639076233
hook_left,aplagov3_5.mp4,0.4893566071987152,0.6296996474266052,0.4966280460357666,0.6456729769706726,0.4907764494419098,0.7271202206611633,0.48097676038742065,0.7998576760292053
hook_left,aplagov3_4.mp4,0.4369489550590515,0.7496876120567322,0.690872073173523,0.6097679734230042,0.3498993515968323,0.9466351866722107,0.6938051581382751,0.843131422996521
hook_left,aplagov3_4.mp4,0.4347471296787262,0.7589685320854187,0.6948021054267883,0.5708829760551453,0.33498257398605347,0.9740495681762695,0.7017685770988464,0.8527175784111023
hook_left,aplagov3_4.mp4,0.41993632912635803,0.7781565189361572,0.68966144323349,0.5886577367782593,0.3381665349006653,0.9848793148994446,0.6948941946029663,0.861291229724884
hook_left,aplagov3_4.mp4,0.41741371154785156,0.778989851474762,0.692672848701477,0.5843462347984314,0.3399372696876526,0.9824405312538147,0.6958082318305969,0.8586338758468628
hook_left,aplagov3_4.mp4,0.416646808385849,0.7808526754379272,0.6919206380844116,0.5835784673690796,0.34504806995391846,0.9804857969284058,0.6972190141677856,0.8575065732002258
hook_left,aplagov3_4.mp4,0.41870322823524475,0.7753686904907227,0.6930044889450073,0.5859598517417908,0.34702494740486145,0.9761527180671692,0.6979960203170776,0.8571167588233948
hook_left,aplagov3_4.mp4,0.4176310896873474,0.7794749140739441,0.694959282875061,0.589497447013855,0.34432482719421387,0.9798496961593628,0.6998903155326843,0.8573230504989624
hook_left,aplagov3_4.mp4,0.418863445520401,0.7766364812850952,0.6942031979560852,0.5906007289886475,0.34236055612564087,0.9803276658058167,0.6992111206054688,0.8565784096717834
hook_left,aplagov3_4.mp4,0.4186936318874359,0.7780329585075378,0.6926611065864563,0.590030312538147,0.3416098654270172,0.9822620749473572,0.6987684369087219,0.8560835719108582
hook_left,aplagov3_4.mp4,0.41911405324935913,0.77762770652771,0.6937248110771179,0.5888590216636658,0.340431272983551,0.9832276105880737,0.6988636255264282,0.8558573126792908
hook_left,aplagov3_4.mp4,0.4193861484527588,0.7760673761367798,0.6948636174201965,0.5889939069747925,0.34111925959587097,0.9817636013031006,0.6993353962898254,0.8574181199073792
hook_left,aplagov3_4.mp4,0.419588565826416,0.7756400108337402,0.6970482468605042,0.5894620418548584,0.3421294689178467,0.9818245768547058,0.6993975043296814,0.8583719730377197
hook_left,aplagov3_4.mp4,0.41979312896728516,0.7755127549171448,0.6955554485321045,0.5902191400527954,0.34205666184425354,0.9806547164916992,0.6990673542022705,0.8581743240356445
hook_left,aplagov3_4.mp4,0.4200498163700104,0.7731797099113464,0.6937980651855469,0.5915464758872986,0.34208744764328003,0.9807381629943848,0.6979939341545105,0.8574060797691345
hook_left,aplagov3_4.mp4,0.42017966508865356,0.7725356817245483,0.692783772945404,0.5951035618782043,0.34187477827072144,0.9820359945297241,0.6967624425888062,0.8573122620582581
hook_left,aplagov3_1.mp4,0.4075168967247009,0.751399040222168,0.34968751668930054,0.4795207977294922,0.3385206460952759,0.9600068926811218,0.4927078187465668,0.6097407937049866
hook_left,aplagov3_1.mp4,0.40424424409866333,0.7449072003364563,0.3382539749145508,0.465950608253479,0.33818691968917847,0.9503958821296692,0.47981104254722595,0.5907042622566223
hook_left,aplagov3_1.mp4,0.40364590287208557,0.7430279850959778,0.3385825455188751,0.4630856513977051,0.33750012516975403,0.9469608664512634,0.4788022041320801,0.5898580551147461
hook_left,aplagov3_1.mp4,0.40313488245010376,0.7417539954185486,0.3384374976158142,0.4620632529258728,0.33773595094680786,0.9452822208404541,0.4814884066581726,0.5894090533256531
hook_left,aplagov3_1.mp4,0.40315109491348267,0.7408602237701416,0.33878862857818604,0.4629293978214264,0.3380521833896637,0.9437485337257385,0.47850051522254944,0.5909640192985535
hook_left,aplagov3_1.mp4,0.40349826216697693,0.7399556636810303,0.3388892114162445,0.4635786712169647,0.33822745084762573,0.9412423968315125,0.47197017073631287,0.5905161499977112
hook_left,aplagov3_1.mp4,0.40325087308883667,0.7397677302360535,0.3380488157272339,0.4637264311313629,0.3384142518043518,0.9404937028884888,0.47172626852989197,0.5905061364173889
hook_left,aplagov3_1.mp4,0.4032554030418396,0.7401841878890991,0.3385465741157532,0.46376511454582214,0.3385632634162903,0.939868688583374,0.4730883240699768,0.5909968018531799
hook_left,aplagov3_1.mp4,0.4035032391548157,0.7404990196228027,0.3395271897315979,0.4640592932701111,0.3386639654636383,0.9392200112342834,0.47610360383987427,0.5914979577064514
hook_left,aplagov3_1.mp4,0.40371617674827576,0.7407381534576416,0.33989235758781433,0.4640852212905884,0.33869123458862305,0.9384675621986389,0.47374019026756287,0.5904305577278137
hook_left,aplagov3_1.mp4,0.40384441614151,0.7409188747406006,0.34012776613235474,0.46428436040878296,0.33874422311782837,0.9377809166908264,0.47286802530288696,0.5903214812278748
hook_left,aplagov3_1.mp4,0.4039286971092224,0.7410551905632019,0.3401646316051483,0.4644847810268402,0.3388066291809082,0.9373817443847656,0.4727562963962555,0.5904015302658081
hook_left,aplagov3_1.mp4,0.4040299355983734,0.7411625981330872,0.34017685055732727,0.4645267426967621,0.33886536955833435,0.9370766282081604,0.4724723696708679,0.590116024017334
hook_left,aplagov3_1.mp4,0.40412554144859314,0.7412482500076294,0.34014493227005005,0.46452635526657104,0.33891206979751587,0.9368372559547424,0.4726433753967285,0.5901148319244385
hook_left,aplagov3_1.mp4,0.4042157232761383,0.7413175702095032,0.34035801887512207,0.4644831418991089,0.33895549178123474,0.9367632269859314,0.4731312692165375,0.590093731880188
hook_left,aplagov3_3.mp4,0.43820086121559143,0.7452033758163452,0.3535793125629425,0.4845219552516937,0.3677143156528473,0.9390063881874084,0.48318272829055786,0.58987957239151
hook_left,aplagov3_3.mp4,0.4470674991607666,0.745205283164978,0.3610065281391144,0.4896005094051361,0.3758642077445984,0.9396434426307678,0.4876647889614105,0.5889884233474731
hook_left,aplagov3_3.mp4,0.4493982195854187,0.7452011704444885,0.36453330516815186,0.4929327964782715,0.37807193398475647,0.9405741095542908,0.4922844469547272,0.5887101888656616
hook_left,aplagov3_3.mp4,0.44900497794151306,0.7478986978530884,0.3660488426685333,0.49496743083000183,0.3779897093772888,0.943573534488678,0.4952620565891266,0.5888077020645142
hook_left,aplagov3_3.mp4,0.45010390877723694,0.747942328453064,0.36718279123306274,0.4980241656303406,0.37791135907173157,0.9445334672927856,0.496004194021225,0.589228093624115
hook_left,aplagov3_3.mp4,0.44999876618385315,0.7480784058570862,0.3672941327095032,0.49840134382247925,0.37904617190361023,0.9450904726982117,0.49596649408340454,0.5884436964988708
hook_left,aplagov3_3.mp4,0.44941115379333496,0.7498867511749268,0.36725741624832153,0.49904459714889526,0.3793092370033264,0.9451545476913452,0.4957669675350189,0.5884828567504883
hook_left,aplagov3_3.mp4,0.44900742173194885,0.752406895160675,0.3673485219478607,0.5008507966995239,0.37809035181999207,0.9455090165138245,0.4955388903617859,0.5885426998138428
hook_left,aplagov3_3.mp4,0.4495072364807129,0.7540052533149719,0.36827608942985535,0.5014863610267639,0.37819352746009827,0.9455692768096924,0.49897146224975586,0.5887614488601685
hook_left,aplagov3_3.mp4,0.4491083025932312,0.7553021907806396,0.36840367317199707,0.5019681453704834,0.37822452187538147,0.9456571936607361,0.5009838938713074,0.5889005064964294
hook_left,aplagov3_3.mp4,0.4487835764884949,0.7562575340270996,0.3684619665145874,0.501973569393158,0.3785936236381531,0.9456793665885925,0.5018605589866638,0.5888468623161316
hook_left,aplagov3_3.mp4,0.448608934879303,0.756801426410675,0.3685109615325928,0.5019547343254089,0.37882399559020996,0.9456867575645447,0.5021162629127502,0.5888063907623291
hook_left,aplagov3_3.mp4,0.4484463632106781,0.7572559714317322,0.3685363531112671,0.5019091963768005,0.3789765238761902,0.9457089900970459,0.502219021320343,0.5887280106544495
hook_left,aplagov3_3.mp4,0.4483215808868408,0.7576369643211365,0.3685775399208069,0.5018589496612549,0.37905505299568176,0.9457546472549438,0.5023067593574524,0.5886321067810059
hook_left,aplagov3_3.mp4,0.4482348561286926,0.7579139471054077,0.36863768100738525,0.5018258690834045,0.379118412733078,0.9458132982254028,0.5024570822715759,0.5885806679725647
hook_left,aplagov3_2.mp4,0.42066866159439087,0.7281038761138916,0.3197740912437439,0.529944658279419,0.36101648211479187,0.9213238954544067,0.4705224633216858,0.5782182216644287
hook_left,aplagov3_2.mp4,0.41296523809432983,0.7235487103462219,0.31361013650894165,0.539739727973938,0.3562853932380676,0.9108619689941406,0.46064645051956177,0.5728268027305603
hook_left,aplagov3_2.mp4,0.41311296820640564,0.7254348993301392,0.31187182664871216,0.541023313999176,0.3552669286727905,0.9075012803077698,0.4585776925086975,0.5702039003372192
hook_left,aplagov3_2.mp4,0.41274118423461914,0.7242422103881836,0.312155157327652,0.5415108799934387,0.3552125096321106,0.9044250249862671,0.46076077222824097,0.57069331407547
hook_left,aplagov3_2.mp4,0.41306862235069275,0.7228469848632812,0.3122807443141937,0.541957437992096,0.3553616404533386,0.9030115008354187,0.46252503991127014,0.5682588815689087
hook_left,aplagov3_2.mp4,0.41235604882240295,0.7228610515594482,0.31156235933303833,0.5425249934196472,0.355228066444397,0.9031111001968384,0.4615930914878845,0.5666138529777527
hook_left,aplagov3_2.mp4,0.4127782881259918,0.72080397605896,0.3110255002975464,0.5429877042770386,0.3558843731880188,0.9020630717277527,0.4609115719795227,0.5670148730278015
hook_left,aplagov3_2.mp4,0.4134523868560791,0.7194583415985107,0.3114682734012604,0.5434080958366394,0.35617348551750183,0.9013239741325378,0.4612380862236023,0.5674242377281189
hook_left,aplagov3_2.mp4,0.413656085729599,0.7172138690948486,0.31112009286880493,0.5438188314437866,0.3562878370285034,0.9013136029243469,0.4615817070007324,0.5670634508132935
hook_left,aplagov3_2.mp4,0.4137582778930664,0.7132768630981445,0.3110872507095337,0.5443902611732483,0.35635167360305786,0.9013527035713196,0.4615198075771332,0.5673335790634155
hook_left,aplagov3_2.mp4,0.4139285087585449,0.7112167477607727,0.31071677803993225,0.5447477698326111,0.35632315278053284,0.9014946222305298,0.4614022672176361,0.5674896836280823
hook_left,aplagov3_2.mp4,0.4141882359981537,0.7107130289077759,0.31140679121017456,0.5448989272117615,0.35619819164276123,0.9012241959571838,0.4617597460746765,0.567638635635376
hook_left,aplagov3_2.mp4,0.4143826961517334,0.7102940678596497,0.311924546957016,0.5449568629264832,0.3561328053474426,0.9007959365844727,0.4619685709476471,0.5677236914634705
hook_left,aplagov3_2.mp4,0.4145248532295227,0.7101969122886658,0.31224143505096436,0.5451080799102783,0.35612788796424866,0.9004374146461487,0.4622274339199066,0.5678085088729858
hook_left,aplagov3_2.mp4,0.4146120548248291,0.7102502584457397,0.31249767541885376,0.5452375411987305,0.35614532232284546,0.9001338481903076,0.4623647630214691,0.5678722262382507
hook_left,zkuah3_5.mp4,0.4721463918685913,0.6772909164428711,0.6726176142692566,0.739351212978363,0.3583005666732788,0.9404608607292175,0.7463600039482117,0.9860473871231079
hook_left,zkuah3_5.mp4,0.46205684542655945,0.6701409816741943,0.6679946780204773,0.7338377237319946,0.3490089774131775,0.9463472962379456,0.7608187794685364,1.004987359046936
hook_left,zkuah3_5.mp4,0.46020275354385376,0.6661665439605713,0.6727285385131836,0.7418254613876343,0.3454996347427368,0.9481102228164673,0.7600625157356262,1.0162298679351807
hook_left,zkuah3_5.mp4,0.4587869346141815,0.6657834649085999,0.6824460029602051,0.7779557108879089,0.34248560667037964,0.9486523866653442,0.7640745043754578,1.0091688632965088
hook_left,zkuah3_5.mp4,0.45957517623901367,0.6641460061073303,0.6702741980552673,0.751600980758667,0.3429320454597473,0.9484473466873169,0.7607027888298035,1.017043948173523
hook_left,zkuah3_5.mp4,0.4591805934906006,0.6625438332557678,0.6709950566291809,0.747698962688446,0.34355059266090393,0.9483473300933838,0.761327862739563,1.0150902271270752
hook_left,zkuah3_5.mp4,0.46007251739501953,0.6610332131385803,0.6694228053092957,0.743608832359314,0.34260648488998413,0.9484318494796753,0.7610260844230652,1.0178382396697998
hook_left,zkuah3_5.mp4,0.46090471744537354,0.6615935564041138,0.6661565899848938,0.743578314781189,0.3436996340751648,0.9486416578292847,0.7593304514884949,1.0172581672668457
hook_left,zkuah3_5.mp4,0.46144843101501465,0.6627563238143921,0.6664088368415833,0.7497999668121338,0.34408217668533325,0.9481996297836304,0.7595963478088379,1.0188605785369873
hook_left,zkuah3_5.mp4,0.4619024991989136,0.6632753610610962,0.6678826212882996,0.7513261437416077,0.3442407548427582,0.9475694298744202,0.7596253752708435,1.020790934562683
hook_left,zkuah3_5.mp4,0.46226975321769714,0.6637637615203857,0.6665738821029663,0.7495118975639343,0.34456002712249756,0.9470780491828918,0.7585099935531616,1.0205618143081665
hook_left,zkuah3_5.mp4,0.4625425338745117,0.6641859412193298,0.6652910709381104,0.7478182315826416,0.34463098645210266,0.9467325806617737,0.7579672336578369,1.0198228359222412
hook_left,zkuah3_5.mp4,0.4627447724342346,0.6644407510757446,0.664678156375885,0.7466148138046265,0.3445970118045807,0.9464920163154602,0.7578310966491699,1.0199898481369019
hook_left,zkuah3_5.mp4,0.46289634704589844,0.6645537614822388,0.6648178100585938,0.745849609375,0.34463223814964294,0.946302056312561,0.7577221989631653,1.0200169086456299
hook_left,zkuah3_5.mp4,0.463024765253067,0.6645809412002563,0.6646562218666077,0.7453008890151978,0.34469255805015564,0.9461571574211121,0.7576942443847656,1.0205038785934448
hook_left,zkuah3_4.mp4,0.4631251096725464,0.6646190881729126,0.6646528244018555,0.7449694871902466,0.3447917103767395,0.9460419416427612,0.7578517198562622,1.0206148624420166
hook_left,zkuah3_4.mp4,0.46320268511772156,0.6646219491958618,0.6646239757537842,0.7446746826171875,0.3449031114578247,0.9459500908851624,0.7578809261322021,1.0208468437194824
hook_left,zkuah3_4.mp4,0.46327754855155945,0.6646567583084106,0.6645853519439697,0.7446250915527344,0.3450121581554413,0.9458820819854736,0.7577772736549377,1.0214455127716064
hook_left,zkuah3_4.mp4,0.46334022283554077,0.6646898984909058,0.6646461486816406,0.7446429133415222,0.3450600206851959,0.9458359479904175,0.7577429413795471,1.0218316316604614
hook_left,zkuah3_4.mp4,0.4633904993534088,0.6647168397903442,0.6648057103157043,0.7445846796035767,0.3450913727283478,0.9458046555519104,0.7578023076057434,1.0219367742538452
hook_left,zkuah3_4.mp4,0.4634299576282501,0.664725124835968,0.6648834943771362,0.744559645652771,0.34511280059814453,0.9457927346229553,0.7578705549240112,1.021973729133606
hook_left,zkuah3_4.mp4,0.4634658992290497,0.6647405624389648,0.6649494767189026,0.7444953322410583,0.345122367143631,0.9458072185516357,0.7579631805419922,1.0219892263412476
hook_left,zkuah3_4.mp4,0.46349507570266724,0.6647464036941528,0.6649947762489319,0.7444973587989807,0.34513381123542786,0.9458105564117432,0.7580124139785767,1.0220515727996826
hook_left,zkuah3_4.mp4,0.4635208249092102,0.6647557020187378,0.6650497317314148,0.744484007358551,0.34513553977012634,0.9458180069923401,0.758075475692749,1.0220297574996948
hook_left,zkuah3_4.mp4,0.46354031562805176,0.664753258228302,0.6650847792625427,0.7444959878921509,0.34513893723487854,0.9458196759223938,0.7581806182861328,1.021996021270752
hook_left,zkuah3_4.mp4,0.46356067061424255,0.6647506952285767,0.6651432514190674,0.7445214986801147,0.3451424837112427,0.9458290934562683,0.7582941651344299,1.0219542980194092
hook_left,zkuah3_4.mp4,0.46357738971710205,0.6647317409515381,0.6651989221572876,0.7445639967918396,0.34514397382736206,0.9458382725715637,0.7583490610122681,1.0218980312347412
hook_left,zkuah3_4.mp4,0.4635924696922302,0.6647122502326965,0.6652265191078186,0.7445942163467407,0.34514376521110535,0.9458608031272888,0.7583699822425842,1.0219032764434814
hook_left,zkuah3_4.mp4,0.4636058807373047,0.6646907925605774,0.6652474999427795,0.7446222305297852,0.34513750672340393,0.9458754062652588,0.7583776116371155,1.0218803882598877
hook_left,zkuah3_4.mp4,0.4636172354221344,0.6646597385406494,0.6652548313140869,0.7446459531784058,0.3451233208179474,0.9458971619606018,0.7583853006362915,1.0218721628189087
hook_left,zkuah3_3.mp4,0.46362605690956116,0.6646252274513245,0.6652814745903015,0.7447090148925781,0.3451056182384491,0.9459145665168762,0.758406400680542,1.0218952894210815
hook_left,zkuah3_3.mp4,0.46363064646720886,0.6646116375923157,0.6653228402137756,0.7447762489318848,0.3450787365436554,0.9459460973739624,0.7584357857704163,1.02193021774292
hook_left,zkuah3_3.mp4,0.4636310935020447,0.6646044254302979,0.6653368473052979,0.7448496222496033,0.3450573980808258,0.9459675550460815,0.7584632635116577,1.0219696760177612
hook_left,zkuah3_3.mp4,0.4636317193508148,0.6645945310592651,0.6653696298599243,0.7449346780776978,0.34504109621047974,0.9459813237190247,0.7584879398345947,1.0219879150390625
hook_left,zkuah3_3.mp4,0.4636329710483551,0.6645760536193848,0.6654027104377747,0.7450154423713684,0.34502583742141724,0.9459921717643738,0.7585073709487915,1.0219982862472534
hook_left,zkuah3_3.mp4,0.46363216638565063,0.6645677089691162,0.6654213070869446,0.7450791001319885,0.34499865770339966,0.9460081458091736,0.758536159992218,1.021993637084961
hook_left,zkuah3_3.mp4,0.46362966299057007,0.6645568609237671,0.6654404401779175,0.7451193928718567,0.34496232867240906,0.9460262060165405,0.7585694193840027,1.0219944715499878
hook_left,zkuah3_3.mp4,0.46362507343292236,0.6645374298095703,0.6654580235481262,0.7451353073120117,0.3449243903160095,0.9460423588752747,0.7585911154747009,1.0219944715499878
hook_left,zkuah3_3.mp4,0.4636108875274658,0.6645258665084839,0.6655024886131287,0.745145320892334,0.3448837697505951,0.94605553150177,0.758613109588623,1.0219905376434326
hook_left,zkuah3_3.mp4,0.4635956287384033,0.6645079851150513,0.6655219197273254,0.7451584935188293,0.3448401987552643,0.946069061756134,0.7586294412612915,1.021990180015564
hook_left,zkuah3_3.mp4,0.46358075737953186,0.6644973158836365,0.6655478477478027,0.7451727390289307,0.34479716420173645,0.9460802674293518,0.7586395740509033,1.0219879150390625
hook_left,zkuah3_3.mp4,0.46357181668281555,0.6644822359085083,0.6655659079551697,0.7451810836791992,0.34475743770599365,0.9460932612419128,0.7586555480957031,1.0219837427139282
hook_left,zkuah3_3.mp4,0.46355798840522766,0.6644726991653442,0.665587306022644,0.745192289352417,0.34471097588539124,0.9461103081703186,0.7586798667907715,1.0219810009002686
hook_left,zkuah3_3.mp4,0.463544100522995,0.6644672155380249,0.665610134601593,0.7452083826065063,0.3446725904941559,0.9461310505867004,0.7586988806724548,1.0219777822494507
hook_left,zkuah3_3.mp4,0.46352359652519226,0.6644632816314697,0.6656308174133301,0.7452341914176941,0.3446265161037445,0.9461519122123718,0.7587204575538635,1.0219751596450806
hook_left,zkuah3_2.mp4,0.46351158618927,0.6644590497016907,0.6656466722488403,0.7452473044395447,0.34458446502685547,0.9461739659309387,0.7587525844573975,1.0219708681106567
hook_left,zkuah3_2.mp4,0.4635007381439209,0.6644571423530579,0.6656599640846252,0.7452540993690491,0.34456101059913635,0.9461938738822937,0.7587918043136597,1.0219635963439941
hook_left,zkuah3_2.mp4,0.46348315477371216,0.6644560694694519,0.6656697392463684,0.7452747821807861,0.3445402979850769,0.9462061524391174,0.7588156461715698,1.0219608545303345
hook_left,zkuah3_2.mp4,0.4634689688682556,0.6644532680511475,0.6656867861747742,0.7452820539474487,0.34450510144233704,0.9462214112281799,0.7588509917259216,1.021959900856018
hook_left,zkuah3_2.mp4,0.4634556770324707,0.6644508242607117,0.6656967401504517,0.7452901005744934,0.34447404742240906,0.946236252784729,0.7588685154914856,1.0219510793685913
hook_left,zkuah3_2.mp4,0.46345141530036926,0.6644483208656311,0.6657020449638367,0.7452980279922485,0.34445855021476746,0.9462466835975647,0.7588790655136108,1.0219475030899048
hook_left,zkuah3_2.mp4,0.4634430408477783,0.6644464135169983,0.6657119989395142,0.7453047037124634,0.34444522857666016,0.9462597370147705,0.7588993906974792,1.021941065788269
hook_left,zkuah3_2.mp4,0.46343153715133667,0.6644442081451416,0.6657211184501648,0.7453248500823975,0.344430148601532,0.9462748765945435,0.7589203119277954,1.0219395160675049
hook_left,zkuah3_2.mp4,0.46341899037361145,0.6644425392150879,0.6657329201698303,0.7453433275222778,0.3444165885448456,0.9462870359420776,0.7589411735534668,1.0219429731369019
hook_left,zkuah3_2.mp4,0.46340689063072205,0.6644411087036133,0.6657565236091614,0.7453687787055969,0.3444087505340576,0.9462951421737671,0.7589787840843201,1.0219420194625854
hook_left,zkuah3_2.mp4,0.46339455246925354,0.66443932056427,0.6657805442810059,0.7454010844230652,0.3443991243839264,0.9463048577308655,0.7590258717536926,1.0219377279281616
hook_left,zkuah3_2.mp4,0.4633781313896179,0.6644376516342163,0.6657988429069519,0.7454107403755188,0.3443866968154907,0.9463131427764893,0.7590680122375488,1.0219297409057617
hook_left,zkuah3_2.mp4,0.4633480906486511,0.6644444465637207,0.6658318042755127,0.74542236328125,0.34437263011932373,0.9463216066360474,0.7591030597686768,1.0219275951385498
hook_left,zkuah3_2.mp4,0.46331849694252014,0.6644477844238281,0.6658613681793213,0.7454342246055603,0.3443615734577179,0.9463281631469727,0.7591447830200195,1.021923303604126
hook_left,zkuah3_2.mp4,0.46329206228256226,0.6644480228424072,0.6659082770347595,0.7454418540000916,0.34435218572616577,0.9463353753089905,0.7591906189918518,1.0219035148620605
hook_left,zkuah3_1.mp4,0.46328499913215637,0.720778226852417,0.654177725315094,0.7579951882362366,0.35655006766319275,0.9702506065368652,0.7484501600265503,1.0245002508163452
hook_left,zkuah3_1.mp4,0.4632788598537445,0.7294052243232727,0.6495416760444641,0.7605562806129456,0.3606869578361511,0.9809327721595764,0.7458370923995972,1.0261255502700806
hook_left,zkuah3_1.mp4,0.46327078342437744,0.7307412624359131,0.6442366242408752,0.7608836889266968,0.3626651465892792,0.9829025864601135,0.7448047399520874,1.0283472537994385
hook_left,zkuah3_1.mp4,0.46326497197151184,0.7323386073112488,0.640447735786438,0.7605024576187134,0.3635009825229645,0.9834328293800354,0.7429219484329224,1.0299454927444458
hook_left,zkuah3_1.mp4,0.4633389115333557,0.7315563559532166,0.6396766901016235,0.7601882815361023,0.3641297221183777,0.9832512736320496,0.7410348057746887,1.0300887823104858
hook_left,zkuah3_1.mp4,0.46356719732284546,0.7306651473045349,0.6403449773788452,0.7615959048271179,0.365136057138443,0.9821737408638,0.7391155958175659,1.0300827026367188
hook_left,zkuah3_1.mp4,0.4637521207332611,0.7303763628005981,0.6406659483909607,0.763569712638855,0.365427702665329,0.9818898439407349,0.7384674549102783,1.0302534103393555
hook_left,zkuah3_1.mp4,0.4638722538948059,0.7305482029914856,0.6405206918716431,0.7659122943878174,0.3653855323791504,0.9822752475738525,0.7385791540145874,1.0306780338287354
hook_left,zkuah3_1.mp4,0.4639470875263214,0.7309216260910034,0.6401479840278625,0.7673454284667969,0.36527204513549805,0.9828834533691406,0.7386166453361511,1.0309194326400757
hook_left,zkuah3_1.mp4,0.4640178680419922,0.731310248374939,0.6401664018630981,0.7686752080917358,0.36510413885116577,0.9834100604057312,0.7388425469398499,1.0309808254241943
hook_left,zkuah3_1.mp4,0.4640743136405945,0.7310538291931152,0.6403391361236572,0.7688322067260742,0.36492499709129333,0.9836896061897278,0.739043653011322,1.031028389930725
hook_left,zkuah3_1.mp4,0.4640354812145233,0.7312301397323608,0.6405390501022339,0.7688199281692505,0.3647242784500122,0.9852383136749268,0.7391166090965271,1.0317877531051636
hook_left,zkuah3_1.mp4,0.46391940116882324,0.7312569618225098,0.6406499147415161,0.7688143253326416,0.3642604947090149,0.9880991578102112,0.7391902208328247,1.0323235988616943
hook_left,zkuah3_1.mp4,0.46365270018577576,0.731999397277832,0.641248345375061,0.7720184922218323,0.3639054000377655,0.9902989864349365,0.7392526268959045,1.0333747863769531
hook_left,zkuah3_1.mp4,0.46319085359573364,0.7327800393104553,0.6424068808555603,0.7778671979904175,0.3634621500968933,0.9922760725021362,0.7393681406974792,1.0335274934768677
hook_right,aplagov3_5.mp4,0.2822684645652771,0.71552973985672,0.6216586232185364,0.7773042321205139,0.3259280323982239,0.9088594317436218,0.6812552213668823,1.0223908424377441
hook_right,aplagov3_5.mp4,0.2780209481716156,0.7040236592292786,0.6271059513092041,0.7674354314804077,0.3332929313182831,0.8862489461898804,0.686062216758728,1.0112000703811646
hook_right,aplagov3_5.mp4,0.275524377822876,0.7044329047203064,0.6268081068992615,0.7617439031600952,0.3350794017314911,0.8856915831565857,0.6899166703224182,1.008291244506836
hook_right,aplagov3_5.mp4,0.2708786725997925,0.702803373336792,0.6277936697006226,0.761340856552124,0.3361853063106537,0.8859313130378723,0.6893953084945679,1.0086394548416138
hook_right,aplagov3_5.mp4,0.2719249725341797,0.702240526676178,0.6265316605567932,0.7609704732894897,0.3366018831729889,0.8840277194976807,0.686609148979187,1.0079954862594604
hook_right,aplagov3_5.mp4,0.2708584666252136,0.7020880579948425,0.6264301538467407,0.761236310005188,0.33619505167007446,0.881717324256897,0.685630202293396,1.0074816942214966
hook_right,aplagov3_5.mp4,0.2705777585506439,0.6998734474182129,0.6265907287597656,0.7612776756286621,0.33551374077796936,0.8802204728126526,0.6862665414810181,1.007486343383789
hook_right,aplagov3_5.mp4,0.26955097913742065,0.7002135515213013,0.6255731582641602,0.7600745558738708,0.33520323038101196,0.880370020866394,0.6860172748565674,1.0075743198394775
hook_right,aplagov3_5.mp4,0.2712782323360443,0.7000113725662231,0.6261500120162964,0.7601187825202942,0.3364589810371399,0.8780915141105652,0.6857001781463623,1.0075006484985352
hook_right,aplagov3_5.mp4,0.27111372351646423,0.7000576853752136,0.6260467767715454,0.7601509690284729,0.3369010090827942,0.8778809309005737,0.685006320476532,1.007210612297058
hook_right,aplagov3_5.mp4,0.27134835720062256,0.6995364427566528,0.6253852844238281,0.7601820230484009,0.3367006182670593,0.8774159550666809,0.6845181584358215,1.0069187879562378
hook_right,aplagov3_5.mp4,0.27200785279273987,0.6969434022903442,0.6249037981033325,0.7605555057525635,0.3364868760108948,0.8771944642066956,0.684270977973938,1.0069524049758911
hook_right,aplagov3_5.mp4,0.2727035880088806,0.6963672637939453,0.6245245337486267,0.7605876326560974,0.3364413380622864,0.8772485256195068,0.6845654249191284,1.0070592164993286
hook_right,aplagov3_5.mp4,0.27312368154525757,0.6965004205703735,0.6242026090621948,0.7604048252105713,0.3365675210952759,0.8776460289955139,0.684353232383728,1.0070570707321167
hook_right,aplagov3_5.mp4,0.2735760807991028,0.6966512203216553,0.6242514848709106,0.7603369951248169,0.3367888331413269,0.8776887655258179,0.6844318509101868,1.007014513015747
hook_right,aplagov3_4.mp4,0.25397470593452454,0.6306983232498169,0.6222270131111145,0.7606421709060669,0.32458028197288513,0.8277862668037415,0.6486194729804993,1.0035113096237183
hook_right,aplagov3_4.mp4,0.24832716584205627,0.6094324588775635,0.6193504333496094,0.7585419416427612,0.315157413482666,0.8186393976211548,0.6416172385215759,0.9994211792945862
hook_right,aplagov3_4.mp4,0.24725690484046936,0.614001989364624,0.6193572282791138,0.7578365802764893,0.31427136063575745,0.8174996376037598,0.6407238841056824,0.9965101480484009
hook_right,aplagov3_4.mp4,0.2441343069076538,0.6162096858024597,0.6195604801177979,0.7577131390571594,0.31335708498954773,0.8174225091934204,0.6427310705184937,0.9953458905220032
hook_right,aplagov3_4.mp4,0.24247992038726807,0.6169838905334473,0.6195935010910034,0.7577235698699951,0.3128299117088318,0.8175922632217407,0.6430016756057739,0.9938862323760986
hook_right,aplagov3_4.mp4,0.24239353835582733,0.617809534072876,0.6195937395095825,0.7580423951148987,0.3128737509250641,0.816655158996582,0.6435111165046692,0.9937172532081604
hook_right,aplagov3_4.mp4,0.24289211630821228,0.6157077550888062,0.6195557713508606,0.7580583095550537,0.3125637471675873,0.8163703083992004,0.6438913941383362,0.993488073348999
hook_right,aplagov3_4.mp4,0.24308958649635315,0.6146778464317322,0.6195312738418579,0.7584215998649597,0.3121890425682068,0.8158448338508606,0.6439279317855835,0.9932937026023865
hook_right,aplagov3_4.mp4,0.2432284653186798,0.6157172918319702,0.619524359703064,0.7590283751487732,0.3123813271522522,0.8159048557281494,0.6442827582359314,0.9933633804321289
hook_right,aplagov3_4.mp4,0.24310937523841858,0.6177367568016052,0.6195307374000549,0.7600603699684143,0.3126598000526428,0.8163338303565979,0.644683837890625,0.9931318759918213
hook_right,aplagov3_4.mp4,0.24290044605731964,0.618920624256134,0.619465708732605,0.7606430053710938,0.3128325939178467,0.8164903521537781,0.6447768807411194,0.9930058717727661
hook_right,aplagov3_4.mp4,0.24276752769947052,0.6197965145111084,0.6193496584892273,0.7609666585922241,0.3129684627056122,0.8166112899780273,0.6446753740310669,0.9928063154220581
hook_right,aplagov3_4.mp4,0.24270454049110413,0.6204516291618347,0.6191958785057068,0.7610121965408325,0.31306546926498413,0.816861629486084,0.6443849802017212,0.9926183223724365
hook_right,aplagov3_4.mp4,0.2425929605960846,0.621010959148407,0.6190879344940186,0.7610216736793518,0.3131098449230194,0.8170500993728638,0.6442198157310486,0.9924157857894897
hook_right,aplagov3_4.mp4,0.24250304698944092,0.6214321851730347,0.6189915537834167,0.7610308527946472,0.3131614923477173,0.817171573638916,0.6441666483879089,0.992262601852417
hook_right,aplagov3_1.mp4,0.3138638138771057,0.3364674150943756,0.6488444805145264,0.6890746355056763,0.33031997084617615,0.5801745653152466,0.6967511177062988,0.9467339515686035
hook_right,aplagov3_1.mp4,0.3240048289299011,0.3269655406475067,0.6552221179008484,0.6810791492462158,0.33741483092308044,0.5698587894439697,0.7071437835693359,0.9358199238777161
hook_right,aplagov3_1.mp4,0.3277660012245178,0.33029183745384216,0.6549864411354065,0.6738638877868652,0.34147050976753235,0.5780307054519653,0.7078404426574707,0.9386777281761169
hook_right,aplagov3_1.mp4,0.3281768560409546,0.32590678334236145,0.6572249531745911,0.671891987323761,0.3427419066429138,0.5779626369476318,0.7071883082389832,0.938580334186554
hook_right,aplagov3_1.mp4,0.329298734664917,0.3217872083187103,0.6571882963180542,0.6697764992713928,0.3428667187690735,0.574514627456665,0.7092725038528442,0.9380999207496643
hook_right,aplagov3_1.mp4,0.32781267166137695,0.3234250545501709,0.6561317443847656,0.6695611476898193,0.34157878160476685,0.5762817859649658,0.7108206152915955,0.9385321736335754
hook_right,aplagov3_1.mp4,0.3275189995765686,0.3224650025367737,0.6563032865524292,0.671190083026886,0.34107109904289246,0.5736773014068604,0.7103150486946106,0.9383879899978638
hook_right,aplagov3_1.mp4,0.3263399004936218,0.3226774334907532,0.6561192870140076,0.6726663112640381,0.3404296338558197,0.5744892358779907,0.710358738899231,0.938390851020813
hook_right,aplagov3_1.mp4,0.3268735110759735,0.3232141435146332,0.6556205153465271,0.6736840605735779,0.34131675958633423,0.5744777917861938,0.7105606198310852,0.9387979507446289
hook_right,aplagov3_1.mp4,0.3267684578895569,0.32345202565193176,0.6553293466567993,0.6739367842674255,0.3415448069572449,0.5743142366409302,0.7106639742851257,0.9391870498657227
hook_right,aplagov3_1.mp4,0.32724064588546753,0.3226451575756073,0.6551849246025085,0.6740618944168091,0.3417043685913086,0.5732167959213257,0.7105877995491028,0.9394621849060059
hook_right,aplagov3_1.mp4,0.32769450545310974,0.32202115654945374,0.6549890041351318,0.6739320755004883,0.34194207191467285,0.5732700228691101,0.7102423906326294,0.9395681619644165
hook_right,aplagov3_1.mp4,0.32801660895347595,0.3215319514274597,0.6547974348068237,0.6735126376152039,0.3420960009098053,0.5733393430709839,0.7099964022636414,0.9396204352378845
hook_right,aplagov3_1.mp4,0.3271177113056183,0.32168084383010864,0.6546930074691772,0.6728120446205139,0.34194839000701904,0.5727041363716125,0.7104102373123169,0.9397245049476624
hook_right,aplagov3_1.mp4,0.32645031809806824,0.3211905062198639,0.6548320651054382,0.6721630096435547,0.3414381146430969,0.5712833404541016,0.7107235789299011,0.9398073554039001
hook_right,aplagov3_3.mp4,0.560583233833313,0.4477417469024658,0.6346579790115356,0.7668352723121643,0.4146314561367035,0.6266082525253296,0.6616259813308716,0.9793093204498291
hook_right,aplagov3_3.mp4,0.5749053359031677,0.45920610427856445,0.6292924880981445,0.774594783782959,0.42006516456604004,0.6399025917053223,0.6506850719451904,0.9853654503822327
hook_right,aplagov3_3.mp4,0.5765239596366882,0.45987045764923096,0.6249027848243713,0.7736740112304688,0.42361265420913696,0.6433718204498291,0.6442247033119202,0.9880411624908447
hook_right,aplagov3_3.mp4,0.5758446455001831,0.458577424287796,0.6246503591537476,0.7797945737838745,0.4258047044277191,0.6436633467674255,0.643670916557312,0.9916975498199463
hook_right,aplagov3_3.mp4,0.5747602581977844,0.45785272121429443,0.6247167587280273,0.7842211127281189,0.4267168939113617,0.6444638967514038,0.6418126821517944,0.9928871393203735
hook_right,aplagov3_3.mp4,0.5755118131637573,0.45889294147491455,0.6242095232009888,0.7822840213775635,0.42707356810569763,0.6455689668655396,0.6417725682258606,0.995364785194397
hook_right,aplagov3_3.mp4,0.5760427117347717,0.45844030380249023,0.624055802822113,0.7791577577590942,0.42901498079299927,0.645138144493103,0.6407670974731445,0.9981086850166321
hook_right,aplagov3_3.mp4,0.5757513642311096,0.4591263234615326,0.6233786344528198,0.7757677435874939,0.4286542534828186,0.6449888944625854,0.6400216221809387,0.9981643557548523
hook_right,aplagov3_3.mp4,0.5756157636642456,0.4598037600517273,0.6231797337532043,0.7737034559249878,0.4281954765319824,0.6448112726211548,0.6415501236915588,0.9988517165184021
hook_right,aplagov3_3.mp4,0.5759984850883484,0.4593238830566406,0.6229255795478821,0.7720565795898438,0.427955687046051,0.6443866491317749,0.6419599056243896,0.9988059997558594
hook_right,aplagov3_3.mp4,0.5756809711456299,0.45982423424720764,0.6228083372116089,0.7710461020469666,0.42804962396621704,0.6445867419242859,0.6414918303489685,0.9984400272369385
hook_right,aplagov3_3.mp4,0.5748319625854492,0.4606584310531616,0.6228770017623901,0.7703691124916077,0.42771315574645996,0.6449968814849854,0.6412428021430969,0.9980171918869019
hook_right,aplagov3_3.mp4,0.5750951766967773,0.46127140522003174,0.6229672431945801,0.7700203657150269,0.4271332323551178,0.6453543305397034,0.6410219073295593,0.9976019859313965
hook_right,aplagov3_3.mp4,0.5751712322235107,0.4620822072029114,0.6230596899986267,0.7697716355323792,0.42672666907310486,0.6459061503410339,0.640845000743866,0.9973115921020508
hook_right,aplagov3_3.mp4,0.5749950408935547,0.46269258856773376,0.6231420040130615,0.7695537805557251,0.4265270233154297,0.646541178226471,0.6406014561653137,0.9971122145652771
hook_right,aplagov3_2.mp4,0.48944908380508423,0.36480599641799927,0.6051491498947144,0.76933354139328,0.40635719895362854,0.626011312007904,0.63811856508255,0.9970150589942932
hook_right,aplagov3_2.mp4,0.4802110195159912,0.3489295542240143,0.6001749634742737,0.7698531150817871,0.4011039733886719,0.6119921207427979,0.636635959148407,0.9969181418418884
hook_right,aplagov3_2.mp4,0.47937828302383423,0.3447898030281067,0.5967661738395691,0.7707061767578125,0.39995867013931274,0.6071596741676331,0.6355927586555481,0.9956616759300232
hook_right,aplagov3_2.mp4,0.48034271597862244,0.3435462415218353,0.5972390174865723,0.7719188928604126,0.4004528522491455,0.6044720411300659,0.6354889273643494,0.9951912760734558
hook_right,aplagov3_2.mp4,0.48010849952697754,0.343610018491745,0.5976659655570984,0.7721588015556335,0.40089187026023865,0.6048259139060974,0.634905219078064,0.9947535991668701
hook_right,aplagov3_2.mp4,0.4797630310058594,0.34556612372398376,0.5969787240028381,0.7721266746520996,0.40047186613082886,0.6044677495956421,0.6339739561080933,0.994720995426178
hook_right,aplagov3_2.mp4,0.4793980121612549,0.34561687707901,0.5971693992614746,0.7720922827720642,0.3990422189235687,0.6042197942733765,0.6337703466415405,0.9943506717681885
hook_right,aplagov3_2.mp4,0.47936806082725525,0.3461339473724365,0.5973142981529236,0.7720353603363037,0.3995095491409302,0.6050982475280762,0.6335102319717407,0.994108259677887
hook_right,aplagov3_2.mp4,0.4788688123226166,0.3462868928909302,0.5971239805221558,0.772005021572113,0.3991902470588684,0.6047698855400085,0.6333795189857483,0.9929906129837036
hook_right,aplagov3_2.mp4,0.47822046279907227,0.34633931517601013,0.5969547629356384,0.7715381383895874,0.39711794257164,0.6048847436904907,0.6332067251205444,0.9924702048301697
hook_right,aplagov3_2.mp4,0.47798123955726624,0.34642091393470764,0.5966578722000122,0.7707314491271973,0.39612168073654175,0.6042435169219971,0.6328087449073792,0.9920084476470947
hook_right,aplagov3_2.mp4,0.47808605432510376,0.346308171749115,0.5961816906929016,0.769645094871521,0.3955640196800232,0.6039317846298218,0.6324387788772583,0.991310179233551
hook_right,aplagov3_2.mp4,0.47790926694869995,0.3465041518211365,0.5958487391471863,0.7688348293304443,0.3955672085285187,0.604114294052124,0.6320548057556152,0.9905299544334412
hook_right,aplagov3_2.mp4,0.4780415892601013,0.34642526507377625,0.5955904126167297,0.7680014967918396,0.3957819938659668,0.6042702794075012,0.6317319273948669,0.9893350601196289
hook_right,aplagov3_2.mp4,0.47832655906677246,0.34604793787002563,0.5955033898353577,0.7676653265953064,0.3959371745586395,0.6043934226036072,0.6315039992332458,0.9885625839233398
hook_right,zkuah3_5.mp4,0.2613297700881958,0.6862698197364807,0.5866628885269165,0.7665552496910095,0.2274242639541626,0.9452778100967407,0.6359248757362366,0.9867086410522461
hook_right,zkuah3_5.mp4,0.24979417026042938,0.709048867225647,0.6309608221054077,1.042165756225586,0.217255637049675,0.9596700072288513,0.6265271306037903,0.9736615419387817
hook_right,zkuah3_5.mp4,0.24879664182662964,0.6940699815750122,0.5846475958824158,0.8529173135757446,0.21289633214473724,0.9736191630363464,0.6297298073768616,0.974385142326355
hook_right,zkuah3_5.mp4,0.24786357581615448,0.7072436213493347,0.5909776091575623,1.1976401805877686,0.21846017241477966,0.9738856554031372,0.6256195902824402,0.9746352434158325
hook_right,zkuah3_5.mp4,0.2479793131351471,0.7172421813011169,0.6074604988098145,1.166333794593811,0.21278323233127594,0.9785419702529907,0.6238775849342346,0.9751101732254028
hook_right,zkuah3_5.mp4,0.2488204389810562,0.7147855162620544,0.608203649520874,1.1395175457000732,0.22009533643722534,0.9703128337860107,0.6233012676239014,0.9742708206176758
hook_right,zkuah3_5.mp4,0.24876199662685394,0.7101464867591858,0.6167937517166138,1.107178807258606,0.2214188128709793,0.9693960547447205,0.6227394342422485,0.9739584922790527
hook_right,zkuah3_5.mp4,0.2472790777683258,0.7024523615837097,0.6338899731636047,1.1442464590072632,0.22292999923229218,0.9650120139122009,0.623465359210968,0.973832368850708
hook_right,zkuah3_5.mp4,0.24832865595817566,0.6984042525291443,0.6401488780975342,1.1690248250961304,0.22392551600933075,0.9603860378265381,0.6224796772003174,0.9736505150794983
hook_right,zkuah3_5.mp4,0.24790166318416595,0.7030584812164307,0.6501298546791077,1.1904187202453613,0.22281891107559204,0.9607361555099487,0.6227284073829651,0.973250150680542
hook_right,zkuah3_5.mp4,0.2475660890340805,0.7065839767456055,0.6569365859031677,1.1986470222473145,0.22389623522758484,0.9606267213821411,0.6227536201477051,0.9733075499534607
hook_right,zkuah3_5.mp4,0.24691760540008545,0.709557831287384,0.6600595712661743,1.206581473350525,0.22460366785526276,0.9610931277275085,0.6228377223014832,0.9736176133155823
hook_right,zkuah3_5.mp4,0.24584144353866577,0.7135176658630371,0.6626977324485779,1.2142738103866577,0.22402945160865784,0.9598504900932312,0.6231434345245361,0.9738293886184692
hook_right,zkuah3_5.mp4,0.24508757889270782,0.7143963575363159,0.6666256785392761,1.212716817855835,0.223689466714859,0.9604216814041138,0.6236915588378906,0.9738749265670776
hook_right,zkuah3_5.mp4,0.24433568120002747,0.7139526605606079,0.6686651110649109,1.2137361764907837,0.22280241549015045,0.9611902832984924,0.6241558194160461,0.9738745093345642
hook_right,zkuah3_4.mp4,0.24874143302440643,0.6797006130218506,0.6605293154716492,1.141144037246704,0.21306905150413513,0.9585803747177124,0.6247668266296387,0.9491167664527893
hook_right,zkuah3_4.mp4,0.2510632276535034,0.6758692264556885,0.6583610773086548,1.126691222190857,0.21051384508609772,0.9592331051826477,0.6250355243682861,0.9421599507331848
hook_right,zkuah3_4.mp4,0.25278353691101074,0.6718896627426147,0.6489847302436829,1.1146234273910522,0.20852883160114288,0.9603458642959595,0.6252624988555908,0.9452464580535889
hook_right,zkuah3_4.mp4,0.2538486123085022,0.6692419052124023,0.6415606737136841,1.087120771408081,0.20791342854499817,0.9606441855430603,0.6253634691238403,0.9466038942337036
hook_right,zkuah3_4.mp4,0.25433212518692017,0.66611248254776,0.633296549320221,1.056789517402649,0.20773033797740936,0.9605424404144287,0.6254671216011047,0.9476161599159241
hook_right,zkuah3_4.mp4,0.2544398307800293,0.6637223362922668,0.6319255828857422,1.0505049228668213,0.2076932191848755,0.9604343175888062,0.6255601048469543,0.9479370713233948
hook_right,zkuah3_4.mp4,0.2546093463897705,0.662538468837738,0.6350498795509338,1.064631700515747,0.2075842022895813,0.9605311155319214,0.6254560351371765,0.946783721446991
hook_right,zkuah3_4.mp4,0.2547342777252197,0.6618763208389282,0.6372595429420471,1.08628511428833,0.20742343366146088,0.9607642889022827,0.6254321932792664,0.9454588294029236
hook_right,zkuah3_4.mp4,0.2549724876880646,0.6616973280906677,0.6379707455635071,1.1063597202301025,0.20746126770973206,0.9609460830688477,0.6254688501358032,0.9451205134391785
hook_right,zkuah3_4.mp4,0.25527113676071167,0.6615890860557556,0.6386868357658386,1.1140872240066528,0.2075367420911789,0.9609896540641785,0.6254761815071106,0.9443527460098267
hook_right,zkuah3_4.mp4,0.25568220019340515,0.6613730788230896,0.6389161348342896,1.1264429092407227,0.2076469212770462,0.960941731929779,0.6254947781562805,0.9442178606987
hook_right,zkuah3_4.mp4,0.2560107409954071,0.6612966060638428,0.6391733288764954,1.129321813583374,0.20777715742588043,0.9608842730522156,0.6255166530609131,0.9439847469329834
hook_right,zkuah3_4.mp4,0.256099134683609,0.6611930131912231,0.6408199071884155,1.128206729888916,0.20786695182323456,0.960850715637207,0.625530481338501,0.9439295530319214
hook_right,zkuah3_4.mp4,0.2561866343021393,0.6610380411148071,0.641972541809082,1.1276865005493164,0.20792368054389954,0.9608206748962402,0.6255453824996948,0.9438695311546326
hook_right,zkuah3_4.mp4,0.25630006194114685,0.6609676480293274,0.6427228450775146,1.1263213157653809,0.20796409249305725,0.9607979655265808,0.6256016492843628,0.9438191056251526
hook_right,zkuah3_3.mp4,0.25655731558799744,0.6607744693756104,0.6431863903999329,1.1263350248336792,0.2077091485261917,0.9607623815536499,0.6256826519966125,0.9439651370048523
hook_right,zkuah3_3.mp4,0.2567063868045807,0.6604779362678528,0.6433744430541992,1.1259464025497437,0.2075652927160263,0.9606879949569702,0.6257668137550354,0.9440432190895081
hook_right,zkuah3_3.mp4,0.2567814886569977,0.6601276993751526,0.6437636613845825,1.1256743669509888,0.20747390389442444,0.9605326056480408,0.6258383393287659,0.9440665245056152
hook_right,zkuah3_3.mp4,0.2568425238132477,0.6599029898643494,0.644088864326477,1.123470425605774,0.20742006599903107,0.9603604674339294,0.6259021162986755,0.9441686272621155
hook_right,zkuah3_3.mp4,0.25692692399024963,0.6597312688827515,0.6442017555236816,1.114794373512268,0.20736092329025269,0.9602159261703491,0.6259570121765137,0.9442813396453857
hook_right,zkuah3_3.mp4,0.25697433948516846,0.659586489200592,0.6443759202957153,1.1091902256011963,0.20732685923576355,0.9600671529769897,0.6260182857513428,0.944317638874054
hook_right,zkuah3_3.mp4,0.2570520043373108,0.6594905853271484,0.6444957256317139,1.1027132272720337,0.20731136202812195,0.9599083065986633,0.6260664463043213,0.9443435072898865
hook_right,zkuah3_3.mp4,0.25710487365722656,0.6593678593635559,0.6444436311721802,1.0920292139053345,0.2072983831167221,0.9597633481025696,0.6261160969734192,0.9443658590316772
hook_right,zkuah3_3.mp4,0.25719425082206726,0.6592874526977539,0.6440538167953491,1.0824865102767944,0.20728936791419983,0.9596226811408997,0.6261513829231262,0.944470226764679
hook_right,zkuah3_3.mp4,0.25728994607925415,0.6592220067977905,0.6439760327339172,1.0790826082229614,0.2072833627462387,0.9594704508781433,0.6261873841285706,0.9445017576217651
hook_right,zkuah3_3.mp4,0.2573670446872711,0.6591675281524658,0.6438503265380859,1.0736950635910034,0.20727765560150146,0.9593471884727478,0.6262328624725342,0.9445403218269348
hook_right,zkuah3_3.mp4,0.2574491500854492,0.6590881943702698,0.643480122089386,1.0650854110717773,0.20726336538791656,0.9592244625091553,0.6262910962104797,0.944537878036499
hook_right,zkuah3_3.mp4,0.2574945390224457,0.6589996218681335,0.6431032419204712,1.058112382888794,0.2072460800409317,0.9591114521026611,0.6263527870178223,0.9443768858909607
hook_right,zkuah3_3.mp4,0.2575426399707794,0.6589120626449585,0.6418240666389465,1.0448132753372192,0.20723579823970795,0.9589904546737671,0.6264234781265259,0.9441771507263184
hook_right,zkuah3_3.mp4,0.2575991749763489,0.6588449478149414,0.6403064727783203,1.0355528593063354,0.20722922682762146,0.9588852524757385,0.6265133619308472,0.9440799355506897
hook_right,zkuah3_2.mp4,0.2577163279056549,0.6588360071182251,0.6403814554214478,1.0395832061767578,0.20729385316371918,0.95884770154953,0.6265403032302856,0.9437062740325928
hook_right,zkuah3_2.mp4,0.2578244209289551,0.6588250398635864,0.6409923434257507,1.0431649684906006,0.20732493698596954,0.9588125348091125,0.6265537738800049,0.943181037902832
hook_right,zkuah3_2.mp4,0.25790461897850037,0.6588160395622253,0.642425537109375,1.0546475648880005,0.2073337882757187,0.9587799906730652,0.6265673637390137,0.9425106644630432
hook_right,zkuah3_2.mp4,0.2580060660839081,0.658807635307312,0.6438473463058472,1.0624586343765259,0.20733292400836945,0.9587506651878357,0.6265795230865479,0.9420310854911804
hook_right,zkuah3_2.mp4,0.25808680057525635,0.6588002443313599,0.6449403166770935,1.0681818723678589,0.20733025670051575,0.9587213397026062,0.6265953183174133,0.9417590498924255
hook_right,zkuah3_2.mp4,0.25814029574394226,0.6587769389152527,0.6455104947090149,1.0714428424835205,0.20732559263706207,0.9586973190307617,0.6266149878501892,0.9415474534034729
hook_right,zkuah3_2.mp4,0.2581966817378998,0.6587547659873962,0.645658552646637,1.0718992948532104,0.20732444524765015,0.9586785435676575,0.6266359090805054,0.941376805305481
hook_right,zkuah3_2.mp4,0.25822925567626953,0.6587096452713013,0.645767867565155,1.0719881057739258,0.20731881260871887,0.9586516618728638,0.6266539096832275,0.9412316083908081
hook_right,zkuah3_2.mp4,0.2582806348800659,0.6586640477180481,0.6460579633712769,1.0737104415893555,0.20731709897518158,0.958616316318512,0.6266652345657349,0.941104531288147
hook_right,zkuah3_2.mp4,0.2583252191543579,0.6586301326751709,0.6465878486633301,1.0773082971572876,0.2073146551847458,0.9585803747177124,0.6266812086105347,0.9409551620483398
hook_right,zkuah3_2.mp4,0.2583695948123932,0.6585811972618103,0.6469419002532959,1.078381896018982,0.2073124647140503,0.958518922328949,0.6266927123069763,0.9408074021339417
hook_right,zkuah3_2.mp4,0.25839823484420776,0.6585350036621094,0.6471942663192749,1.0788040161132812,0.20730769634246826,0.9584760665893555,0.6267156600952148,0.9407082200050354
hook_right,zkuah3_2.mp4,0.2584385275840759,0.6585095524787903,0.6474092602729797,1.0797710418701172,0.20730511844158173,0.9584448933601379,0.6267350316047668,0.9406421184539795
hook_right,zkuah3_2.mp4,0.2584794759750366,0.6584877371788025,0.6474794149398804,1.079967737197876,0.20730222761631012,0.9584200382232666,0.626761257648468,0.9405877590179443
hook_right,zkuah3_2.mp4,0.258505642414093,0.658469021320343,0.6474749445915222,1.0795650482177734,0.20729714632034302,0.9583972692489624,0.6267858147621155,0.9405311346054077
hook_right,zkuah3_1.mp4,0.2585481107234955,0.6584169864654541,0.6475508809089661,1.080241322517395,0.20728854835033417,0.9583759903907776,0.6268089413642883,0.9405134320259094
hook_right,zkuah3_1.mp4,0.25858011841773987,0.6583725810050964,0.6475263833999634,1.0800721645355225,0.20728521049022675,0.9583543539047241,0.6268469095230103,0.9404939413070679
hook_right,zkuah3_1.mp4,0.2586093544960022,0.6582933068275452,0.6474817395210266,1.0798585414886475,0.20727723836898804,0.958316445350647,0.6268740296363831,0.9404789209365845
hook_right,zkuah3_1.mp4,0.25864729285240173,0.6582391858100891,0.6472187042236328,1.0785276889801025,0.20726995170116425,0.9582917094230652,0.6268860697746277,0.9404648542404175
hook_right,zkuah3_1.mp4,0.25867658853530884,0.6581960320472717,0.646735429763794,1.0768007040023804,0.2072620987892151,0.9582677483558655,0.626908540725708,0.9405027031898499
hook_right,zkuah3_1.mp4,0.25870370864868164,0.658164918422699,0.646251380443573,1.074509620666504,0.20725193619728088,0.9582483172416687,0.6269214749336243,0.9405694007873535
hook_right,zkuah3_1.mp4,0.25875476002693176,0.658106803894043,0.646003782749176,1.0739150047302246,0.207246333360672,0.9582164287567139,0.6269323825836182,0.9406342506408691
hook_right,zkuah3_1.mp4,0.25881248712539673,0.6580066084861755,0.6453375816345215,1.0697332620620728,0.20724143087863922,0.9581802487373352,0.6269596815109253,0.9407833814620972
hook_right,zkuah3_1.mp4,0.25884541869163513,0.6579210162162781,0.6443554759025574,1.0627968311309814,0.20723626017570496,0.9581575989723206,0.6269811391830444,0.9411699175834656
hook_right,zkuah3_1.mp4,0.2588963508605957,0.6578529477119446,0.6434789896011353,1.0595213174819946,0.20723311603069305,0.9581419229507446,0.6269991993904114,0.9416627883911133
hook_right,zkuah3_1.mp4,0.2589418292045593,0.6577668786048889,0.6433042883872986,1.0594147443771362,0.20722949504852295,0.9581087827682495,0.6270188689231873,0.942063570022583
hook_right,zkuah3_1.mp4,0.25899189710617065,0.6576302647590637,0.642761766910553,1.0568784475326538,0.2072240561246872,0.9580636620521545,0.6270317435264587,0.9424571394920349
hook_right,zkuah3_1.mp4,0.2590467929840088,0.6575186252593994,0.6417550444602966,1.0538264513015747,0.2072194367647171,0.958031952381134,0.6270450353622437,0.9428493976593018
hook_right,zkuah3_1.mp4,0.2590932548046112,0.6574358940124512,0.6417527198791504,1.0546894073486328,0.2072155922651291,0.9580024480819702,0.6270642280578613,0.9432219862937927
hook_right,zkuah3_1.mp4,0.25911402702331543,0.657389760017395,0.641816258430481,1.0586339235305786,0.20721235871315002,0.9579809308052063,0.6270822286605835,0.9434128403663635
jab_right,aplagov3_5.mp4,0.4754733443260193,0.43747973442077637,0.6072862148284912,0.7183719873428345,0.43594032526016235,0.6999496221542358,0.660981297492981,0.9392387270927429
jab_right,aplagov3_5.mp4,0.4800891876220703,0.4400578737258911,0.6167358160018921,0.7167704105377197,0.43486014008522034,0.7089086174964905,0.6633931994438171,0.9391570091247559
jab_right,aplagov3_5.mp4,0.4886755049228668,0.4289310574531555,0.6158504486083984,0.7231696248054504,0.44294947385787964,0.6835041046142578,0.6624917984008789,0.9392065405845642
jab_right,aplagov3_5.mp4,0.4922366142272949,0.4201747179031372,0.6131025552749634,0.7096147537231445,0.44162312150001526,0.6802558302879333,0.6650298833847046,0.937587320804596
jab_right,aplagov3_5.mp4,0.4924348294734955,0.426212340593338,0.6122416257858276,0.6993193626403809,0.44886136054992676,0.6666036248207092,0.6640362739562988,0.9375135898590088
jab_right,aplagov3_5.mp4,0.49118751287460327,0.4300689995288849,0.6134880781173706,0.7068735361099243,0.44684848189353943,0.6692534685134888,0.6648509502410889,0.9377228617668152
jab_right,aplagov3_5.mp4,0.4901008605957031,0.43340903520584106,0.6137186288833618,0.7044752240180969,0.4434237480163574,0.6814994215965271,0.6655799746513367,0.9378001093864441
jab_right,aplagov3_5.mp4,0.4868161678314209,0.4353509247303009,0.6130043268203735,0.7006842494010925,0.4392816126346588,0.6883530020713806,0.6659245491027832,0.9378291368484497
jab_right,aplagov3_5.mp4,0.48525065183639526,0.440447062253952,0.6121550798416138,0.702048122882843,0.43831807374954224,0.6926356554031372,0.6650067567825317,0.9377924799919128
jab_right,aplagov3_5.mp4,0.48580846190452576,0.4424212872982025,0.612214207649231,0.703072190284729,0.4400290846824646,0.6951525211334229,0.6647900342941284,0.9377151727676392
jab_right,aplagov3_5.mp4,0.48623552918434143,0.44091302156448364,0.6126090288162231,0.7041320204734802,0.44153666496276855,0.6943619847297668,0.6651033759117126,0.9376469850540161
jab_right,aplagov3_5.mp4,0.4865705370903015,0.44040653109550476,0.6122294664382935,0.702081561088562,0.44222402572631836,0.6919169425964355,0.6652513742446899,0.9374393820762634
jab_right,aplagov3_5.mp4,0.48834142088890076,0.43797340989112854,0.6118399500846863,0.7007626891136169,0.4442576467990875,0.6906337141990662,0.6650004386901855,0.937121570110321
jab_right,aplagov3_5.mp4,0.48755425214767456,0.4381692707538605,0.6116114854812622,0.7005597949028015,0.4438990652561188,0.6910222172737122,0.664604902267456,0.9366228580474854
jab_right,aplagov3_5.mp4,0.487478107213974,0.4346773326396942,0.6114886999130249,0.7000914812088013,0.4462614953517914,0.6848351955413818,0.6641542911529541,0.9358700513839722
jab_right,aplagov3_4.mp4,0.4885787069797516,0.38814955949783325,0.6114136576652527,0.6859713792800903,0.44601282477378845,0.6551281213760376,0.665813148021698,0.9302456378936768
jab_right,aplagov3_4.mp4,0.48842066526412964,0.37993624806404114,0.6113541722297668,0.6840276718139648,0.44616684317588806,0.6416522264480591,0.6664988994598389,0.9282907843589783
jab_right,aplagov3_4.mp4,0.4880293011665344,0.38168084621429443,0.6104791760444641,0.6790094375610352,0.44487205147743225,0.6469600796699524,0.6662625074386597,0.9275579452514648
jab_right,aplagov3_4.mp4,0.4876652657985687,0.38267064094543457,0.6101082563400269,0.6806864142417908,0.4441221356391907,0.649264931678772,0.666083812713623,0.9274259209632874
jab_right,aplagov3_4.mp4,0.48791489005088806,0.3786594867706299,0.6100374460220337,0.6821818351745605,0.44547390937805176,0.6381100416183472,0.6659640669822693,0.9269621968269348
jab_right,aplagov3_4.mp4,0.48923057317733765,0.37338775396347046,0.6099528670310974,0.682920515537262,0.44666534662246704,0.6315591335296631,0.6658527851104736,0.9263538122177124
jab_right,aplagov3_4.mp4,0.4896356463432312,0.3718903958797455,0.6098858118057251,0.6824959516525269,0.44701439142227173,0.6317161321640015,0.6657701134681702,0.9258760213851929
jab_right,aplagov3_4.mp4,0.4896872043609619,0.37103089690208435,0.6098322868347168,0.6815730929374695,0.44728580117225647,0.6320660710334778,0.6657032370567322,0.9254334568977356
jab_right,aplagov3_4.mp4,0.48959866166114807,0.37085893750190735,0.6096886992454529,0.6804867386817932,0.44747740030288696,0.6326977610588074,0.6656392812728882,0.9249836206436157
jab_right,aplagov3_4.mp4,0.4894559383392334,0.37100452184677124,0.6095980405807495,0.6796156764030457,0.4472431540489197,0.6343055963516235,0.665619432926178,0.9247727990150452
jab_right,aplagov3_4.mp4,0.4893885552883148,0.37127816677093506,0.6095386147499084,0.6793153882026672,0.44706591963768005,0.6346305012702942,0.6656173467636108,0.924714982509613
jab_right,aplagov3_4.mp4,0.48930850625038147,0.3718220889568329,0.6095120906829834,0.6792865991592407,0.44700708985328674,0.6355460286140442,0.665611743927002,0.924618124961853
jab_right,aplagov3_4.mp4,0.4892407953739166,0.3723575472831726,0.6094736456871033,0.6794030666351318,0.44696617126464844,0.6365732550621033,0.6656128764152527,0.9245315790176392
jab_right,aplagov3_4.mp4,0.48918741941452026,0.37278345227241516,0.6094432473182678,0.6793893575668335,0.44688576459884644,0.6370291113853455,0.6656152009963989,0.9243097901344299
jab_right,aplagov3_4.mp4,0.4891512393951416,0.37315431237220764,0.6094265580177307,0.6793212294578552,0.4468558728694916,0.6378855109214783,0.6656085252761841,0.9239775538444519
jab_right,aplagov3_1.mp4,0.4401768743991852,0.7439498901367188,0.618492066860199,0.8226771950721741,0.39328882098197937,0.9522045850753784,0.698632538318634,0.9766654968261719
jab_right,aplagov3_1.mp4,0.43182864785194397,0.7690132856369019,0.6217962503433228,0.8381496071815491,0.3849108815193176,0.974705696105957,0.7061657905578613,0.9873214960098267
jab_right,aplagov3_1.mp4,0.4302802085876465,0.7689670324325562,0.6238383650779724,0.8408516049385071,0.38409748673439026,0.9682785868644714,0.7075822949409485,0.9897162318229675
jab_right,aplagov3_1.mp4,0.43057817220687866,0.7705749273300171,0.6251835227012634,0.8425148129463196,0.3834305703639984,0.9667824506759644,0.7090712785720825,0.9898219704627991
jab_right,aplagov3_1.mp4,0.43133148550987244,0.7654736638069153,0.6257251501083374,0.8432817459106445,0.3840087056159973,0.9650359153747559,0.7083133459091187,0.9884336590766907
jab_right,aplagov3_1.mp4,0.43120211362838745,0.7637774348258972,0.6257553100585938,0.8430393934249878,0.38419008255004883,0.9653294086456299,0.7075763940811157,0.9877232909202576
jab_right,aplagov3_1.mp4,0.4310814440250397,0.7636261582374573,0.6257709264755249,0.8428288698196411,0.38433343172073364,0.9650281071662903,0.7072303891181946,0.9869928359985352
jab_right,aplagov3_1.mp4,0.43090200424194336,0.7619209885597229,0.6258309483528137,0.8429425358772278,0.38440340757369995,0.9642645120620728,0.7073253393173218,0.9870541095733643
jab_right,aplagov3_1.mp4,0.4303193986415863,0.7621331214904785,0.6259307265281677,0.8429007530212402,0.3844168782234192,0.9647696018218994,0.7078256607055664,0.9872111678123474
jab_right,aplagov3_1.mp4,0.4300002455711365,0.7626603245735168,0.6259713172912598,0.8419402241706848,0.38437339663505554,0.9650330543518066,0.7077116370201111,0.9867161512374878
jab_right,aplagov3_1.mp4,0.429830938577652,0.7633050680160522,0.6260102987289429,0.841711163520813,0.3844400942325592,0.9656949639320374,0.7076346278190613,0.9862937927246094
jab_right,aplagov3_1.mp4,0.4297686219215393,0.763279139995575,0.6260682940483093,0.8412429690361023,0.3845527768135071,0.965974748134613,0.7076400518417358,0.9858565330505371
jab_right,aplagov3_1.mp4,0.42976394295692444,0.763303816318512,0.626084566116333,0.8410564661026001,0.38460773229599,0.9659598469734192,0.7075842618942261,0.9855684041976929
jab_right,aplagov3_1.mp4,0.4298288822174072,0.7633472084999084,0.6261197924613953,0.8410337567329407,0.38462817668914795,0.9661642909049988,0.7075943946838379,0.9854074120521545
jab_right,aplagov3_1.mp4,0.4298665523529053,0.7633381485939026,0.6261420249938965,0.8410413265228271,0.3846319317817688,0.9661921858787537,0.7076001763343811,0.9852811098098755
jab_right,aplagov3_3.mp4,0.471748411655426,0.41401994228363037,0.6157816648483276,0.6971253752708435,0.42789357900619507,0.6798517107963562,0.6701282262802124,0.9359844923019409
jab_right,aplagov3_3.mp4,0.4785599708557129,0.39756807684898376,0.6115967035293579,0.6807794570922852,0.43537989258766174,0.6632027626037598,0.6635740995407104,0.925349771976471
jab_right,aplagov3_3.mp4,0.480182945728302,0.3950296938419342,0.6100237965583801,0.6797482371330261,0.4363164007663727,0.6613836884498596,0.6622503399848938,0.9222007989883423
jab_right,aplagov3_3.mp4,0.4802388548851013,0.39545509219169617,0.6093159914016724,0.6800535321235657,0.4360480308532715,0.6607827544212341,0.6620222330093384,0.9205387830734253
jab_right,aplagov3_3.mp4,0.4803679883480072,0.39455410838127136,0.6093993782997131,0.6814969182014465,0.4365417957305908,0.6579188704490662,0.6614481210708618,0.919441819190979
jab_right,aplagov3_3.mp4,0.48095494508743286,0.3930421471595764,0.6095413565635681,0.6835203170776367,0.43729910254478455,0.6535700559616089,0.6607939004898071,0.9186405539512634
jab_right,aplagov3_3.mp4,0.4808114171028137,0.3930579721927643,0.6098668575286865,0.6865050196647644,0.43770065903663635,0.6524614691734314,0.6608071327209473,0.9191637635231018
jab_right,aplagov3_3.mp4,0.4800850749015808,0.3954499661922455,0.6100691556930542,0.6890144944190979,0.43757638335227966,0.6559641361236572,0.660719633102417,0.9188363552093506
jab_right,aplagov3_3.mp4,0.479731947183609,0.39768320322036743,0.6100389361381531,0.6891069412231445,0.4371017515659332,0.6650523543357849,0.6606137752532959,0.9182895421981812
jab_right,aplagov3_3.mp4,0.4794015884399414,0.3990386128425598,0.6100921034812927,0.6886738538742065,0.4361635744571686,0.6709319949150085,0.6608961224555969,0.9183191061019897
jab_right,aplagov3_3.mp4,0.47940096259117126,0.3983076810836792,0.610164999961853,0.6885511875152588,0.4357064664363861,0.6717193722724915,0.6610787510871887,0.9181709289550781
jab_right,aplagov3_3.mp4,0.47941073775291443,0.3973236083984375,0.6102259755134583,0.6882793307304382,0.43541598320007324,0.6704566478729248,0.6611684560775757,0.9179292321205139
jab_right,aplagov3_3.mp4,0.4794366955757141,0.39660316705703735,0.6102612018585205,0.688011884689331,0.43524613976478577,0.6698298454284668,0.6612065434455872,0.9177756309509277
jab_right,aplagov3_3.mp4,0.47938650846481323,0.3970164954662323,0.6102956533432007,0.6878805756568909,0.43505382537841797,0.6703959107398987,0.6612130999565125,0.9177312850952148
jab_right,aplagov3_3.mp4,0.4793562889099121,0.39691194891929626,0.6103218197822571,0.687746524810791,0.4349517226219177,0.6704212427139282,0.6611862182617188,0.9177025556564331
jab_right,aplagov3_2.mp4,0.4723811745643616,0.37004444003105164,0.6102193593978882,0.6824127435684204,0.42826032638549805,0.666797935962677,0.6618143916130066,0.9192289710044861
jab_right,aplagov3_2.mp4,0.4691079556941986,0.3650895059108734,0.610227108001709,0.679681658744812,0.42490091919898987,0.6653137803077698,0.6622672080993652,0.9206947088241577
jab_right,aplagov3_2.mp4,0.46769508719444275,0.36387020349502563,0.6103187203407288,0.6790528893470764,0.42307743430137634,0.6647091507911682,0.6625463962554932,0.9226225018501282
jab_right,aplagov3_2.mp4,0.46743208169937134,0.3635560870170593,0.610491931438446,0.6789018511772156,0.42144280672073364,0.6649366617202759,0.6627368927001953,0.9242812991142273
jab_right,aplagov3_2.mp4,0.4672330915927887,0.36404678225517273,0.6105892062187195,0.6784408092498779,0.4193708896636963,0.6656964421272278,0.6630269289016724,0.9252641201019287
jab_right,aplagov3_2.mp4,0.4670274257659912,0.3644833564758301,0.6106144189834595,0.6783758997917175,0.41795986890792847,0.6661023497581482,0.6631466150283813,0.9258782863616943
jab_right,aplagov3_2.mp4,0.4668528437614441,0.36429187655448914,0.6106288433074951,0.6779690384864807,0.41730037331581116,0.6665093302726746,0.6631919145584106,0.9261364340782166
jab_right,aplagov3_2.mp4,0.4666979908943176,0.36426785588264465,0.6106423139572144,0.6774693131446838,0.4170154929161072,0.6668726205825806,0.6632909178733826,0.9263495802879333
jab_right,aplagov3_2.mp4,0.4664960503578186,0.3641657531261444,0.6106489896774292,0.6772390604019165,0.4168322682380676,0.6671547889709473,0.6634061336517334,0.9265411496162415
jab_right,aplagov3_2.mp4,0.4663352966308594,0.3639804422855377,0.6106637716293335,0.6770868301391602,0.4166966378688812,0.6673787236213684,0.663494884967804,0.9266969561576843
jab_right,aplagov3_2.mp4,0.4662359654903412,0.36379584670066833,0.6106827855110168,0.6769914031028748,0.41669315099716187,0.6674525141716003,0.6635540723800659,0.9268708825111389
jab_right,aplagov3_2.mp4,0.4661414623260498,0.36362025141716003,0.6106901168823242,0.6768537163734436,0.41667309403419495,0.6674413681030273,0.6635960936546326,0.9269898533821106
jab_right,aplagov3_2.mp4,0.46607667207717896,0.3632124662399292,0.6106992959976196,0.676748514175415,0.4167206287384033,0.6671889424324036,0.6636225581169128,0.9271019101142883
jab_right,aplagov3_2.mp4,0.46599921584129333,0.3630309998989105,0.6107094287872314,0.6767007112503052,0.416719913482666,0.6670827269554138,0.6636553406715393,0.9272364377975464
jab_right,aplagov3_2.mp4,0.4659181237220764,0.3629103899002075,0.6107193231582642,0.676645040512085,0.4167279601097107,0.6669648289680481,0.6636931896209717,0.9273350834846497
jab_right,zkuah3_5.mp4,0.3358224034309387,1.0002942085266113,0.8729103207588196,1.026407241821289,0.34237033128738403,0.8435564041137695,0.8175381422042847,0.8674296140670776
jab_right,zkuah3_5.mp4,0.30747488141059875,1.0815321207046509,0.8940978050231934,1.1016480922698975,0.337816447019577,0.889862596988678,0.8311874866485596,0.8740171790122986
jab_right,zkuah3_5.mp4,0.2967466413974762,1.1106715202331543,0.8948209285736084,1.1914894580841064,0.3366507589817047,0.8949757814407349,0.8456009030342102,0.8828191161155701
jab_right,zkuah3_5.mp4,0.32917875051498413,1.1310335397720337,0.9079237580299377,1.2331477403640747,0.34619539976119995,0.8923348188400269,0.8574720025062561,0.8878529071807861
jab_right,zkuah3_5.mp4,0.335832417011261,1.1692403554916382,0.9265085458755493,1.2598357200622559,0.35495004057884216,0.9000029563903809,0.8649467825889587,0.8882925510406494
jab_right,zkuah3_5.mp4,0.3379366099834442,1.2427211999893188,0.9397309422492981,1.279228687286377,0.35896602272987366,0.9159952998161316,0.8751143217086792,0.901165246963501
jab_right,zkuah3_5.mp4,0.3431486487388611,1.2383768558502197,0.9349858164787292,1.293206810951233,0.36770111322402954,0.919134795665741,0.8795838356018066,0.911547064781189
jab_right,zkuah3_5.mp4,0.3525248169898987,1.2930234670639038,0.9305077195167542,1.2966203689575195,0.3719506859779358,0.9236047267913818,0.8849344253540039,0.9147063493728638
jab_right,zkuah3_5.mp4,0.36515459418296814,1.2941194772720337,0.9459685683250427,1.2822469472885132,0.37835022807121277,0.9157028794288635,0.8920484781265259,0.9147605895996094
jab_right,zkuah3_5.mp4,0.37041354179382324,1.2787556648254395,0.9532434344291687,1.2941113710403442,0.38168638944625854,0.912658154964447,0.8979605436325073,0.9144856929779053
jab_right,zkuah3_5.mp4,0.3719199001789093,1.2654799222946167,0.9596344232559204,1.312776803970337,0.3835568428039551,0.9122552871704102,0.9005618095397949,0.9087831377983093
jab_right,zkuah3_5.mp4,0.37307554483413696,1.2702652215957642,0.9722382426261902,1.3286163806915283,0.3832987844944,0.9106826186180115,0.9042328000068665,0.9012166261672974
jab_right,zkuah3_5.mp4,0.374364972114563,1.2707439661026,0.9818471074104309,1.3269444704055786,0.3834798336029053,0.9100852012634277,0.9073448777198792,0.8903793096542358
jab_right,zkuah3_5.mp4,0.37978363037109375,1.2492437362670898,0.9868835210800171,1.3280073404312134,0.38417336344718933,0.9054384827613831,0.9080521464347839,0.8774921894073486
jab_right,zkuah3_5.mp4,0.38103944063186646,1.2387446165084839,0.9965074062347412,1.3384367227554321,0.38457295298576355,0.9022582769393921,0.9064468741416931,0.8760942220687866
jab_right,zkuah3_4.mp4,0.22387093305587769,1.2200888395309448,0.6547784805297852,1.2278435230255127,0.24150975048542023,0.887692928314209,0.6529920101165771,0.8768748641014099
jab_right,zkuah3_4.mp4,0.19182153046131134,1.2190213203430176,0.6466193795204163,1.2368896007537842,0.2192140370607376,0.8879085779190063,0.6466957926750183,0.8958880305290222
jab_right,zkuah3_4.mp4,0.22967666387557983,1.2133809328079224,0.6494494676589966,1.234552264213562,0.22938306629657745,0.886692225933075,0.6499951481819153,0.8990654945373535
jab_right,zkuah3_4.mp4,0.20580892264842987,1.221886157989502,0.6773384213447571,1.2344751358032227,0.2274692952632904,0.8867908716201782,0.6580489873886108,0.9001007676124573
jab_right,zkuah3_4.mp4,0.21359272301197052,1.2282088994979858,0.6925598382949829,1.2347309589385986,0.23595543205738068,0.8889391422271729,0.6750299334526062,0.9012633562088013
jab_right,zkuah3_4.mp4,0.23606859147548676,1.2145028114318848,0.6989306807518005,1.234990119934082,0.24894171953201294,0.8860548138618469,0.6893901228904724,0.8970176577568054
jab_right,zkuah3_4.mp4,0.2406039535999298,1.212229609489441,0.7200573086738586,1.2545098066329956,0.25685110688209534,0.8859694004058838,0.7020143270492554,0.8969310522079468
jab_right,zkuah3_4.mp4,0.24691221117973328,1.2155355215072632,0.726529598236084,1.2541521787643433,0.2619699239730835,0.8891783952713013,0.7090671062469482,0.8922271132469177
jab_right,zkuah3_4.mp4,0.2506093382835388,1.238834023475647,0.7599489092826843,1.2515848875045776,0.2646568715572357,0.8947387933731079,0.7254074811935425,0.8912261128425598
jab_right,zkuah3_4.mp4,0.2510041296482086,1.237585186958313,0.7961106896400452,1.2512673139572144,0.2708711326122284,0.8939220905303955,0.749274730682373,0.8841177821159363
jab_right,zkuah3_4.mp4,0.25931864976882935,1.2381877899169922,0.8268929123878479,1.2491512298583984,0.2836949825286865,0.893363893032074,0.7731418609619141,0.8683969378471375
jab_right,zkuah3_4.mp4,0.27299872040748596,1.2406165599822998,0.8364921808242798,1.2476259469985962,0.29874351620674133,0.8933104872703552,0.7939464449882507,0.8592758774757385
jab_right,zkuah3_4.mp4,0.2800197899341583,1.242078185081482,0.8515788316726685,1.2481212615966797,0.30874118208885193,0.8926593065261841,0.8101086020469666,0.8523979783058167
jab_right,zkuah3_4.mp4,0.29317617416381836,1.2405434846878052,0.8758102655410767,1.2477762699127197,0.31515073776245117,0.8910976648330688,0.8260709643363953,0.8384261131286621
jab_right,zkuah3_4.mp4,0.29725903272628784,1.242025375366211,0.8738006949424744,1.2561455965042114,0.3191010653972626,0.8918893337249756,0.8329936265945435,0.8363980054855347
jab_right,zkuah3_3.mp4,0.27087122201919556,1.189231276512146,0.6931446194648743,1.0215660333633423,0.29607871174812317,0.9290900230407715,0.7040815353393555,0.8620167374610901
jab_right,zkuah3_3.mp4,0.22366748750209808,1.2087266445159912,0.6615778803825378,1.085589051246643,0.28141260147094727,0.9385205507278442,0.7011730074882507,0.8659075498580933
jab_right,zkuah3_3.mp4,0.21069000661373138,1.2183475494384766,0.7080180644989014,1.1035115718841553,0.2764424681663513,0.9468790888786316,0.7074752449989319,0.8555354475975037
jab_right,zkuah3_3.mp4,0.21405448019504547,1.2357374429702759,0.727603554725647,1.2025394439697266,0.27580755949020386,0.9500760436058044,0.7137109637260437,0.8575330972671509
jab_right,zkuah3_3.mp4,0.21828216314315796,1.2529627084732056,0.7363265156745911,1.2561554908752441,0.2731597125530243,0.9539757370948792,0.7184964418411255,0.8744024634361267
jab_right,zkuah3_3.mp4,0.2043508142232895,1.259681224822998,0.7666003704071045,1.2834277153015137,0.2644120454788208,0.9557753801345825,0.7228084206581116,0.8929742574691772
jab_right,zkuah3_3.mp4,0.20510436594486237,1.2589856386184692,0.7974684834480286,1.3006898164749146,0.2590220272541046,0.9553381204605103,0.7260894179344177,0.9091832637786865
jab_right,zkuah3_3.mp4,0.21010026335716248,1.2631843090057373,0.8077165484428406,1.286325216293335,0.2514861226081848,0.9538202285766602,0.7262875437736511,0.912514328956604
jab_right,zkuah3_3.mp4,0.21844886243343353,1.2455304861068726,0.8414182066917419,1.2851381301879883,0.23936733603477478,0.9533402323722839,0.7284083366394043,0.9131656885147095
jab_right,zkuah3_3.mp4,0.2538807988166809,1.1719528436660767,0.8456450700759888,1.275661587715149,0.220483660697937,0.9499581456184387,0.7296956181526184,0.9138619303703308
jab_right,zkuah3_3.mp4,0.25263023376464844,1.1816328763961792,0.8576529026031494,1.2700144052505493,0.22133757174015045,0.9490326642990112,0.7397566437721252,0.9245094060897827
jab_right,zkuah3_3.mp4,0.24467584490776062,1.2330728769302368,0.8781758546829224,1.2760976552963257,0.2267327606678009,0.9456395506858826,0.7563830614089966,0.9369828104972839
jab_right,zkuah3_3.mp4,0.2496497482061386,1.2345517873764038,0.8746086955070496,1.274690866470337,0.2290455847978592,0.9344404339790344,0.7670599818229675,0.9368525147438049
jab_right,zkuah3_3.mp4,0.26228010654449463,1.207529902458191,0.8893938064575195,1.272571086883545,0.2298857867717743,0.9149896502494812,0.7779306769371033,0.935497522354126
jab_right,zkuah3_3.mp4,0.26941993832588196,1.1982537508010864,0.894935131072998,1.270056962966919,0.23025727272033691,0.9082607626914978,0.7814614772796631,0.9356523156166077
jab_right,zkuah3_2.mp4,0.28533416986465454,0.6354875564575195,0.6346854567527771,0.7405456304550171,0.19309395551681519,0.9019857048988342,0.7261751890182495,0.9187474846839905
jab_right,zkuah3_2.mp4,0.29125937819480896,0.6447477340698242,0.6325990557670593,0.8100324273109436,0.18850405514240265,0.9012081623077393,0.7152698636054993,0.9182237386703491
jab_right,zkuah3_2.mp4,0.29882702231407166,0.6918744444847107,0.6695102453231812,0.9232246279716492,0.1904296875,0.9022430181503296,0.7013621926307678,0.8967071771621704
jab_right,zkuah3_2.mp4,0.29398560523986816,0.759777307510376,0.6895668506622314,0.9434093832969666,0.19514836370944977,0.9075571894645691,0.7103974223136902,0.8956431150436401
jab_right,zkuah3_2.mp4,0.2922731339931488,0.8415173292160034,0.737116813659668,1.0769213438034058,0.19887420535087585,0.9205306172370911,0.7111069560050964,0.890624463558197
jab_right,zkuah3_2.mp4,0.28905871510505676,0.9908782243728638,0.7668079733848572,1.1515698432922363,0.22104766964912415,0.9058962464332581,0.7202456593513489,0.8796773552894592
jab_right,zkuah3_2.mp4,0.25386175513267517,1.1363484859466553,0.7850322127342224,1.1834583282470703,0.2375706136226654,0.9044500589370728,0.7346281409263611,0.8733043074607849
jab_right,zkuah3_2.mp4,0.21667899191379547,1.1795343160629272,0.7956255674362183,1.1757526397705078,0.2464895397424698,0.9047616124153137,0.7468410134315491,0.8725467324256897
jab_right,zkuah3_2.mp4,0.20130543410778046,1.164663553237915,0.8065245151519775,1.1760096549987793,0.25777360796928406,0.9049420952796936,0.7613630890846252,0.8743735551834106
jab_right,zkuah3_2.mp4,0.21316298842430115,1.1932016611099243,0.8196849226951599,1.1785283088684082,0.26604560017585754,0.9053452610969543,0.7742533087730408,0.8751461505889893
jab_right,zkuah3_2.mp4,0.21783308684825897,1.2173157930374146,0.8529984354972839,1.2320822477340698,0.2724843919277191,0.9055125117301941,0.7875451445579529,0.8877935409545898
jab_right,zkuah3_2.mp4,0.2219560593366623,1.2272071838378906,0.8758099675178528,1.2300572395324707,0.27847495675086975,0.9056467413902283,0.7956457734107971,0.8907732367515564
jab_right,zkuah3_2.mp4,0.22360152006149292,1.2221174240112305,0.8800612092018127,1.2403407096862793,0.28418779373168945,0.905590295791626,0.8017477989196777,0.8916499018669128
jab_right,zkuah3_2.mp4,0.22272394597530365,1.218324899673462,0.8840585947036743,1.2317403554916382,0.2842569649219513,0.9005921483039856,0.8061645030975342,0.8892834186553955
jab_right,zkuah3_2.mp4,0.2239355593919754,1.2201043367385864,0.8887949585914612,1.2384225130081177,0.287619024515152,0.8987230658531189,0.8061707019805908,0.8876038193702698
jab_right,zkuah3_1.mp4,0.29389992356300354,1.2079789638519287,0.8924722671508789,1.229444980621338,0.3084677457809448,0.8735708594322205,0.8164710998535156,0.876245379447937
jab_right,zkuah3_1.mp4,0.30468064546585083,1.2046314477920532,0.8911932110786438,1.256429672241211,0.31983333826065063,0.8707311153411865,0.8225322961807251,0.87664794921875
jab_right,zkuah3_1.mp4,0.2978745698928833,1.228144884109497,0.8905293941497803,1.2610318660736084,0.31967517733573914,0.8730986714363098,0.8269402980804443,0.8717307448387146
jab_right,zkuah3_1.mp4,0.2925366163253784,1.2371786832809448,0.8901095986366272,1.263674020767212,0.31851786375045776,0.8747600317001343,0.8305144906044006,0.8638584613800049
jab_right,zkuah3_1.mp4,0.290447473526001,1.2416478395462036,0.8926541805267334,1.2771613597869873,0.3183353841304779,0.875968337059021,0.8287829756736755,0.8648408651351929
jab_right,zkuah3_1.mp4,0.2887679636478424,1.2433699369430542,0.8917950391769409,1.2869600057601929,0.3180747926235199,0.8764937520027161,0.8276787400245667,0.8653782606124878
jab_right,zkuah3_1.mp4,0.2873953878879547,1.2429322004318237,0.8897000551223755,1.281589150428772,0.3158435821533203,0.8747082948684692,0.8273254632949829,0.8654703497886658
jab_right,zkuah3_1.mp4,0.28640255331993103,1.2531235218048096,0.8774892091751099,1.2928714752197266,0.3143616318702698,0.8753385543823242,0.8279258608818054,0.8674131035804749
jab_right,zkuah3_1.mp4,0.2781139612197876,1.2585303783416748,0.8756181001663208,1.2935278415679932,0.30314090847969055,0.8757600784301758,0.8293883800506592,0.8690093159675598
jab_right,zkuah3_1.mp4,0.2700516879558563,1.2799832820892334,0.8701493144035339,1.298111081123352,0.29699620604515076,0.8765857219696045,0.8290051221847534,0.8699276447296143
jab_right,zkuah3_1.mp4,0.26089778542518616,1.2811131477355957,0.8685302734375,1.2980527877807617,0.2873695492744446,0.8759384155273438,0.8284236788749695,0.8731805682182312
jab_right,zkuah3_1.mp4,0.24729982018470764,1.2867275476455688,0.8659766316413879,1.308085322380066,0.280326783657074,0.8759269118309021,0.8302125930786133,0.8779234886169434
jab_right,zkuah3_1.mp4,0.24042460322380066,1.285008192062378,0.8644556999206543,1.3078104257583618,0.27095818519592285,0.8747803568840027,0.8298451900482178,0.8777475953102112
jab_right,zkuah3_1.mp4,0.23397637903690338,1.2817251682281494,0.8621044754981995,1.311601996421814,0.26401108503341675,0.8693961501121521,0.8295848369598389,0.8788425922393799
jab_right,zkuah3_1.mp4,0.22913497686386108,1.2796988487243652,0.8613601326942444,1.3151775598526,0.26169198751449585,0.8648642897605896,0.829376220703125,0.8803786635398865
jab_left,aplagov3_5.mp4,0.47710198163986206,0.670090913772583,0.5184579491615295,0.6656273603439331,0.4418495297431946,0.8652864098548889,0.446580171585083,0.8788779973983765
jab_left,aplagov3_5.mp4,0.499081552028656,0.680334210395813,0.5242201089859009,0.6449927687644958,0.4639265537261963,0.8683041334152222,0.5032234787940979,0.8516921401023865
jab_left,aplagov3_5.mp4,0.4791408181190491,0.6812640428543091,0.5512099266052246,0.5328388810157776,0.398650586605072,0.9125532507896423,0.5485722422599792,0.7914633750915527
jab_left,aplagov3_5.mp4,0.4953470826148987,0.64475417137146,0.5357791185379028,0.5630505681037903,0.43020159006118774,0.8720759153366089,0.5332581400871277,0.6949750781059265
jab_left,aplagov3_5.mp4,0.4713355600833893,0.6751689910888672,0.546636164188385,0.5641867518424988,0.40090084075927734,0.9282636046409607,0.5376095771789551,0.7170481085777283
jab_left,aplagov3_5.mp4,0.47490110993385315,0.666751503944397,0.5463688373565674,0.5785885453224182,0.3970840573310852,0.9212377667427063,0.5511226654052734,0.7401430010795593
jab_left,aplagov3_5.mp4,0.4678736627101898,0.683890163898468,0.5521754026412964,0.5769730806350708,0.3892754316329956,0.9285789728164673,0.5744327306747437,0.7494131922721863
jab_left,aplagov3_5.mp4,0.4680216312408447,0.6961532831192017,0.5507378578186035,0.576782763004303,0.3857116997241974,0.9419061541557312,0.5766788721084595,0.7499215006828308
jab_left,aplagov3_5.mp4,0.46503815054893494,0.7206758260726929,0.5560804605484009,0.6608510613441467,0.3843626379966736,0.9626426696777344,0.5990908145904541,0.8179090619087219
jab_left,aplagov3_5.mp4,0.4661191403865814,0.7199568748474121,0.5537771582603455,0.6678957343101501,0.38547641038894653,0.9683313369750977,0.604631781578064,0.8467826843261719
jab_left,aplagov3_5.mp4,0.46942585706710815,0.7114824056625366,0.5530620813369751,0.5865861773490906,0.38518625497817993,0.9703969955444336,0.6054319143295288,0.8223914504051208
jab_left,aplagov3_5.mp4,0.46746277809143066,0.7170162796974182,0.5532123446464539,0.503746509552002,0.38505426049232483,0.966812789440155,0.6048277020454407,0.7301816940307617
jab_left,aplagov3_5.mp4,0.46502500772476196,0.7215366959571838,0.5538058876991272,0.5128971338272095,0.38461726903915405,0.9739235043525696,0.6043687462806702,0.7390645146369934
jab_left,aplagov3_5.mp4,0.4635353982448578,0.724242627620697,0.5540109872817993,0.49893057346343994,0.38586097955703735,0.9717664122581482,0.6040390729904175,0.7285561561584473
jab_left,aplagov3_5.mp4,0.45914244651794434,0.7378901839256287,0.5565920472145081,0.47594594955444336,0.3870455026626587,0.9707784652709961,0.6037408709526062,0.6784440279006958
jab_left,aplagov3_4.mp4,0.47024932503700256,0.7280206680297852,0.5587785243988037,0.49710220098495483,0.39273908734321594,0.9704493284225464,0.6051909923553467,0.7019195556640625
jab_left,aplagov3_4.mp4,0.4753466248512268,0.7139396667480469,0.5609133839607239,0.49690645933151245,0.3948620855808258,0.9689993262290955,0.6058923602104187,0.712583065032959
jab_left,aplagov3_4.mp4,0.475313663482666,0.71512770652771,0.563987672328949,0.5056356191635132,0.394941508769989,0.9684223532676697,0.606212317943573,0.718279242515564
jab_left,aplagov3_4.mp4,0.47388380765914917,0.7166852355003357,0.5682715177536011,0.49723708629608154,0.39524170756340027,0.9674228429794312,0.6071544289588928,0.7203224897384644
jab_left,aplagov3_4.mp4,0.4733734726905823,0.7181677222251892,0.5686403512954712,0.4974064826965332,0.39589229226112366,0.9669715762138367,0.6083806753158569,0.722143828868866
jab_left,aplagov3_4.mp4,0.473277747631073,0.7250719666481018,0.568589985370636,0.4942080080509186,0.3959934711456299,0.9665467143058777,0.607260525226593,0.7150901556015015
jab_left,aplagov3_4.mp4,0.4729579985141754,0.727055549621582,0.5684720277786255,0.49737706780433655,0.3964115381240845,0.9652232527732849,0.6058272123336792,0.715199887752533
jab_left,aplagov3_4.mp4,0.4703856110572815,0.7329506874084473,0.5684943795204163,0.49918296933174133,0.3964982330799103,0.9647664427757263,0.6044793725013733,0.7164739966392517
jab_left,aplagov3_4.mp4,0.46983271837234497,0.7342850565910339,0.5681671500205994,0.49050241708755493,0.3964512348175049,0.9643924236297607,0.602677583694458,0.7091537714004517
jab_left,aplagov3_4.mp4,0.469514936208725,0.7343444228172302,0.5677763819694519,0.48702993988990784,0.39639750123023987,0.9640511274337769,0.6014959216117859,0.7095816135406494
jab_left,aplagov3_4.mp4,0.468916654586792,0.7351261377334595,0.5678938627243042,0.48840415477752686,0.3963301181793213,0.9636110663414001,0.6014382243156433,0.7103040218353271
jab_left,aplagov3_4.mp4,0.46851253509521484,0.735394299030304,0.5679031610488892,0.48912549018859863,0.3962821960449219,0.9627789258956909,0.6010959148406982,0.7089173197746277
jab_left,aplagov3_4.mp4,0.46847304701805115,0.7338926792144775,0.5679117441177368,0.4901167154312134,0.3961543142795563,0.9617082476615906,0.6009823083877563,0.7102051377296448
jab_left,aplagov3_4.mp4,0.4684140682220459,0.7322490215301514,0.5678819417953491,0.490325391292572,0.39590519666671753,0.9611418843269348,0.6009424328804016,0.713726818561554
jab_left,aplagov3_4.mp4,0.46826663613319397,0.731531023979187,0.5677857995033264,0.4911889433860779,0.3958570659160614,0.9604620933532715,0.6008118391036987,0.7165836095809937
jab_left,aplagov3_1.mp4,0.46029749512672424,0.7193567156791687,0.5552988052368164,0.42793703079223633,0.39147037267684937,0.9383602738380432,0.5942859053611755,0.6617892980575562
jab_left,aplagov3_1.mp4,0.4554866850376129,0.7114314436912537,0.5548496246337891,0.4222310781478882,0.39033299684524536,0.929625391960144,0.5914806127548218,0.6546112895011902
jab_left,aplagov3_1.mp4,0.45250973105430603,0.7078218460083008,0.5551878213882446,0.42324936389923096,0.38929998874664307,0.9266901016235352,0.5909482836723328,0.6539808511734009
jab_left,aplagov3_1.mp4,0.4520532190799713,0.7047494053840637,0.5546002984046936,0.42252933979034424,0.3886718153953552,0.9234366416931152,0.5905952453613281,0.653140127658844
jab_left,aplagov3_1.mp4,0.45192646980285645,0.702231764793396,0.5541350841522217,0.41763564944267273,0.38808825612068176,0.9216154217720032,0.5906752347946167,0.6520822048187256
jab_left,aplagov3_1.mp4,0.45228663086891174,0.697918713092804,0.5541365146636963,0.4183265268802643,0.38806742429733276,0.9197652339935303,0.5908976197242737,0.6525201201438904
jab_left,aplagov3_1.mp4,0.4525555968284607,0.6954985857009888,0.5542747378349304,0.4207156300544739,0.38812488317489624,0.9181020855903625,0.5910710096359253,0.6521026492118835
jab_left,aplagov3_1.mp4,0.452739417552948,0.6940918564796448,0.5543872714042664,0.41923946142196655,0.38817042112350464,0.917116105556488,0.5911847352981567,0.6500742435455322
jab_left,aplagov3_1.mp4,0.4528091549873352,0.6934615969657898,0.5544220209121704,0.4190572500228882,0.38820603489875793,0.9166398644447327,0.5912566184997559,0.6498295664787292
jab_left,aplagov3_1.mp4,0.45284637808799744,0.6930204629898071,0.5542961359024048,0.4191349148750305,0.38823574781417847,0.9163637161254883,0.5912610292434692,0.6501451730728149
jab_left,aplagov3_1.mp4,0.45286306738853455,0.6926771402359009,0.5540863275527954,0.41915252804756165,0.3882572650909424,0.9162784218788147,0.5912462472915649,0.6506333351135254
jab_left,aplagov3_1.mp4,0.45287710428237915,0.6923705339431763,0.5538740754127502,0.4192236661911011,0.3882692754268646,0.9162485003471375,0.5912238359451294,0.6509062051773071
jab_left,aplagov3_1.mp4,0.4528910517692566,0.692200243473053,0.5537498593330383,0.41936230659484863,0.38828712701797485,0.9163439273834229,0.5912218689918518,0.6512802243232727
jab_left,aplagov3_1.mp4,0.452909380197525,0.6920844316482544,0.5536376237869263,0.4195566475391388,0.3883095383644104,0.9164318442344666,0.5912394523620605,0.6516819596290588
jab_left,aplagov3_1.mp4,0.45291846990585327,0.691999614238739,0.5535343885421753,0.41965538263320923,0.3883320689201355,0.9165441989898682,0.5912537574768066,0.6519855856895447
jab_left,aplagov3_3.mp4,0.45303431153297424,0.6938201189041138,0.5532948970794678,0.44661885499954224,0.3864371180534363,0.9230900406837463,0.5930874347686768,0.6845815181732178
jab_left,aplagov3_3.mp4,0.453188955783844,0.6951707005500793,0.5529398322105408,0.4552970826625824,0.3857284188270569,0.9254847168922424,0.5935840010643005,0.6913712620735168
jab_left,aplagov3_3.mp4,0.4535704553127289,0.6961577534675598,0.552582323551178,0.458449125289917,0.38556361198425293,0.9269036054611206,0.5936040878295898,0.6918886303901672
jab_left,aplagov3_3.mp4,0.4540672302246094,0.6973958611488342,0.5522702932357788,0.4587269723415375,0.3854244351387024,0.928145170211792,0.59359210729599,0.6924929022789001
jab_left,aplagov3_3.mp4,0.45441293716430664,0.6984165906906128,0.5520966053009033,0.45851901173591614,0.38537007570266724,0.9289712905883789,0.5935400724411011,0.6922791600227356
jab_left,aplagov3_3.mp4,0.4546220302581787,0.6993894577026367,0.5519667863845825,0.4585667550563812,0.385309100151062,0.9295445680618286,0.5934880971908569,0.6924377679824829
jab_left,aplagov3_3.mp4,0.45479217171669006,0.7001162767410278,0.5519011616706848,0.4584181010723114,0.38527625799179077,0.9298633337020874,0.5934508442878723,0.6926340460777283
jab_left,aplagov3_3.mp4,0.45500078797340393,0.7006203532218933,0.5518916249275208,0.45830637216567993,0.3852587342262268,0.9299509525299072,0.5934352874755859,0.6928830742835999
jab_left,aplagov3_3.mp4,0.4551411271095276,0.7009813189506531,0.551885187625885,0.4579870104789734,0.38524186611175537,0.9299870133399963,0.5933759808540344,0.6926007270812988
jab_left,aplagov3_3.mp4,0.45530468225479126,0.701181173324585,0.5518836975097656,0.45783859491348267,0.3852253556251526,0.9299702048301697,0.593335747718811,0.6925570368766785
jab_left,aplagov3_3.mp4,0.45546388626098633,0.7013477087020874,0.5518761873245239,0.45757853984832764,0.38521474599838257,0.9299533367156982,0.5932600498199463,0.692389965057373
jab_left,aplagov3_3.mp4,0.4555629789829254,0.701492428779602,0.5518659353256226,0.45737138390541077,0.38519468903541565,0.9299423098564148,0.5932093262672424,0.6923201680183411
jab_left,aplagov3_3.mp4,0.45563453435897827,0.7016222476959229,0.5518481731414795,0.45721325278282166,0.3851701617240906,0.9299126267433167,0.5931379795074463,0.692167341709137
jab_left,aplagov3_3.mp4,0.4556815028190613,0.701737105846405,0.5518409013748169,0.45709028840065,0.385123074054718,0.9298691749572754,0.5930867195129395,0.6920923590660095
jab_left,aplagov3_3.mp4,0.455740749835968,0.701799750328064,0.5518357157707214,0.45699310302734375,0.38506880402565,0.9298315048217773,0.5930629372596741,0.6920499801635742
jab_left,aplagov3_2.mp4,0.4556695818901062,0.6970652937889099,0.5500951409339905,0.4479762315750122,0.383034348487854,0.9294310808181763,0.5934568643569946,0.6848684549331665
jab_left,aplagov3_2.mp4,0.4556052088737488,0.6941413879394531,0.5485349297523499,0.4442189931869507,0.38201743364334106,0.9289678931236267,0.5936541557312012,0.6825350522994995
jab_left,aplagov3_2.mp4,0.45557135343551636,0.6925353407859802,0.5480566024780273,0.44446003437042236,0.3815459609031677,0.9283680319786072,0.5937498211860657,0.682569146156311
jab_left,aplagov3_2.mp4,0.4554876685142517,0.6920672655105591,0.5478273034095764,0.4445725679397583,0.38125860691070557,0.9281250834465027,0.5937751531600952,0.6826653480529785
jab_left,aplagov3_2.mp4,0.4554084241390228,0.6917744874954224,0.5476255416870117,0.4447692334651947,0.38109293580055237,0.9280391931533813,0.5937946438789368,0.6827384233474731
jab_left,aplagov3_2.mp4,0.45526736974716187,0.6917383670806885,0.5473719835281372,0.444904625415802,0.38100746273994446,0.9279961585998535,0.5937941074371338,0.6827707886695862
jab_left,aplagov3_2.mp4,0.45512667298316956,0.6917139887809753,0.5471384525299072,0.44480764865875244,0.3808906078338623,0.9279825091362,0.5938214659690857,0.6829426884651184
jab_left,aplagov3_2.mp4,0.4549986720085144,0.6917062401771545,0.5469506978988647,0.44464945793151855,0.3807893693447113,0.9279937744140625,0.5938629508018494,0.6831904053688049
jab_left,aplagov3_2.mp4,0.4548981189727783,0.6916968822479248,0.546807587146759,0.44458749890327454,0.380715548992157,0.9280025959014893,0.5939027070999146,0.6834776997566223
jab_left,aplagov3_2.mp4,0.4547872543334961,0.691724956035614,0.5466830730438232,0.4445420503616333,0.38059481978416443,0.9280698299407959,0.5939521193504333,0.6838093400001526
jab_left,aplagov3_2.mp4,0.4547096788883209,0.6917368769645691,0.5465938448905945,0.44450345635414124,0.3805166780948639,0.928118109703064,0.5939933061599731,0.6840235590934753
jab_left,aplagov3_2.mp4,0.454650342464447,0.6917494535446167,0.5465311408042908,0.44448503851890564,0.38045138120651245,0.9281524419784546,0.5940557718276978,0.684260904788971
jab_left,aplagov3_2.mp4,0.4545957148075104,0.6917652487754822,0.5464948415756226,0.44449305534362793,0.38040831685066223,0.9281765222549438,0.5941261053085327,0.6845234632492065
jab_left,aplagov3_2.mp4,0.4545532166957855,0.6917733550071716,0.5464585423469543,0.44450515508651733,0.38037967681884766,0.9281915426254272,0.5941823720932007,0.6847124099731445
jab_left,aplagov3_2.mp4,0.4545190930366516,0.6917832493782043,0.5464344620704651,0.4445144236087799,0.38035887479782104,0.9281992316246033,0.5942286849021912,0.6849329471588135
jab_left,zkuah3_5.mp4,0.45212987065315247,1.0081864595413208,0.8877576589584351,1.065134048461914,0.44866088032722473,0.8343407511711121,0.8607730269432068,0.814369261264801
jab_left,zkuah3_5.mp4,0.40882158279418945,1.044394850730896,0.9389291405677795,1.1027897596359253,0.43438708782196045,0.8179137110710144,0.8811984658241272,0.8804791569709778
jab_left,zkuah3_5.mp4,0.40178439021110535,1.1056997776031494,0.938315212726593,1.0885767936706543,0.4296894669532776,0.8377090692520142,0.8936342000961304,0.8696938157081604
jab_left,zkuah3_5.mp4,0.3894909620285034,1.151376485824585,0.9148866534233093,1.1777760982513428,0.4227878749370575,0.852392852306366,0.8828288316726685,0.8915854692459106
jab_left,zkuah3_5.mp4,0.3768578767776489,1.1763782501220703,0.9195981621742249,1.2256654500961304,0.4124307632446289,0.8595998287200928,0.8848274350166321,0.9008568525314331
jab_left,zkuah3_5.mp4,0.37668493390083313,1.2191622257232666,0.9085891842842102,1.2487823963165283,0.40556249022483826,0.8854191899299622,0.8846868872642517,0.9022197127342224
jab_left,zkuah3_5.mp4,0.36889728903770447,1.2487859725952148,0.9129177331924438,1.2640963792800903,0.3992684483528137,0.9024200439453125,0.8854430317878723,0.9054545164108276
jab_left,zkuah3_5.mp4,0.35851141810417175,1.2511165142059326,0.9307703375816345,1.252548098564148,0.3911369740962982,0.902193546295166,0.8807651400566101,0.9013574123382568
jab_left,zkuah3_5.mp4,0.338257372379303,1.2396093606948853,0.9379180073738098,1.2425658702850342,0.3797014355659485,0.89867103099823,0.8751632571220398,0.9006534218788147
jab_left,zkuah3_5.mp4,0.3256283402442932,1.2473583221435547,0.9305522441864014,1.2449465990066528,0.3684611916542053,0.8983042240142822,0.8705698251724243,0.9050924777984619
jab_left,zkuah3_5.mp4,0.3050783574581146,1.2421432733535767,0.9375764727592468,1.2514472007751465,0.35653287172317505,0.8963040709495544,0.8670007586479187,0.9045882225036621
jab_left,zkuah3_5.mp4,0.28722289204597473,1.22654390335083,0.9554361701011658,1.260326623916626,0.3410397171974182,0.8966860175132751,0.8650726079940796,0.9043273329734802
jab_left,zkuah3_5.mp4,0.28524813055992126,1.245267629623413,0.9537368416786194,1.2730748653411865,0.3361256718635559,0.899394154548645,0.8665469288825989,0.9094681739807129
jab_left,zkuah3_5.mp4,0.2752995789051056,1.2526694536209106,0.9610905647277832,1.282511591911316,0.3287867307662964,0.9028307795524597,0.8664805889129639,0.910581111907959
jab_left,zkuah3_5.mp4,0.2665363848209381,1.2729631662368774,0.9687416553497314,1.2940177917480469,0.3201580345630646,0.910915195941925,0.870841920375824,0.9152634739875793
jab_left,zkuah3_4.mp4,0.38718292117118835,1.2247638702392578,0.9583175182342529,1.283506155014038,0.41333094239234924,0.8801068067550659,0.8918593525886536,0.9115269780158997
jab_left,zkuah3_4.mp4,0.407806932926178,1.2231907844543457,0.9522840976715088,1.2724801301956177,0.42762836813926697,0.8809972405433655,0.8964322209358215,0.9099315404891968
jab_left,zkuah3_4.mp4,0.3928709030151367,1.2458020448684692,0.9610966444015503,1.2735233306884766,0.4253928065299988,0.8816580772399902,0.9071327447891235,0.9080918431282043
jab_left,zkuah3_4.mp4,0.3847349286079407,1.247213363647461,0.9671376347541809,1.2713849544525146,0.4223884642124176,0.8825929164886475,0.9058929085731506,0.906145453453064
jab_left,zkuah3_4.mp4,0.3821284770965576,1.2627015113830566,0.9711232781410217,1.287307858467102,0.41720280051231384,0.8888089656829834,0.9050079584121704,0.9082770347595215
jab_left,zkuah3_4.mp4,0.379239946603775,1.2707866430282593,0.9674985408782959,1.2848879098892212,0.41516751050949097,0.9058094620704651,0.9048745632171631,0.907403826713562
jab_left,zkuah3_4.mp4,0.3781581223011017,1.2664463520050049,0.927813708782196,1.2836157083511353,0.4137674570083618,0.9065884947776794,0.9027625322341919,0.9073809385299683
jab_left,zkuah3_4.mp4,0.3621480464935303,1.2663815021514893,0.9217454195022583,1.2797867059707642,0.397163987159729,0.9088972210884094,0.9011021256446838,0.9059072136878967
jab_left,zkuah3_4.mp4,0.34178245067596436,1.2638332843780518,0.9290165901184082,1.2823479175567627,0.3759618103504181,0.9105684161186218,0.8963152766227722,0.9050142168998718
jab_left,zkuah3_4.mp4,0.31762683391571045,1.2614052295684814,0.9373791217803955,1.2800922393798828,0.36175328493118286,0.9104532599449158,0.8888500332832336,0.9046133160591125
jab_left,zkuah3_4.mp4,0.29655954241752625,1.2598527669906616,0.9346822500228882,1.2809258699417114,0.3516973853111267,0.9103527665138245,0.8815669417381287,0.9044362306594849
jab_left,zkuah3_4.mp4,0.28498750925064087,1.2600429058074951,0.9365174174308777,1.286878228187561,0.3383946716785431,0.9137904047966003,0.8783964514732361,0.9041332006454468
jab_left,zkuah3_4.mp4,0.2691429853439331,1.2644132375717163,0.9365496039390564,1.298393964767456,0.3280194103717804,0.9137962460517883,0.8767111301422119,0.906299352645874
jab_left,zkuah3_4.mp4,0.2635459005832672,1.2648539543151855,0.9426417946815491,1.3083616495132446,0.326114684343338,0.9136009216308594,0.8759342432022095,0.9074999690055847
jab_left,zkuah3_4.mp4,0.261474609375,1.2693345546722412,0.9442663788795471,1.3147104978561401,0.32222822308540344,0.9140766859054565,0.8751794695854187,0.907348096370697
jab_left,zkuah3_3.mp4,0.39105424284935,1.2262730598449707,0.9537819027900696,1.3105889558792114,0.4155091345310211,0.8819993734359741,0.8887550830841064,0.9038848280906677
jab_left,zkuah3_3.mp4,0.4055824875831604,1.2259674072265625,0.9587056636810303,1.3109463453292847,0.430832177400589,0.878427267074585,0.8961851596832275,0.9039033055305481
jab_left,zkuah3_3.mp4,0.385452538728714,1.2441554069519043,0.9699316024780273,1.3097131252288818,0.42734426259994507,0.8794031143188477,0.9018052816390991,0.902807891368866
jab_left,zkuah3_3.mp4,0.38648468255996704,1.246199369430542,0.9642975926399231,1.3100981712341309,0.4228370487689972,0.8819788694381714,0.9051844477653503,0.9026597738265991
jab_left,zkuah3_3.mp4,0.37913548946380615,1.2556953430175781,0.9644668102264404,1.3094712495803833,0.4173504412174225,0.8863416314125061,0.908153772354126,0.9020810723304749
jab_left,zkuah3_3.mp4,0.3742387592792511,1.2666014432907104,0.9639946818351746,1.3089097738265991,0.41346976161003113,0.8899068236351013,0.9078294038772583,0.9025628566741943
jab_left,zkuah3_3.mp4,0.37241658568382263,1.266178846359253,0.9641978144645691,1.287915587425232,0.4105050265789032,0.894011378288269,0.9060267806053162,0.9008781313896179
jab_left,zkuah3_3.mp4,0.3498873710632324,1.2716130018234253,0.9646632671356201,1.28804612159729,0.3921789526939392,0.9038417339324951,0.9046396017074585,0.9011359214782715
jab_left,zkuah3_3.mp4,0.3392842411994934,1.2713189125061035,0.9635967016220093,1.286766767501831,0.38108518719673157,0.9038638472557068,0.8992049098014832,0.9011246562004089
jab_left,zkuah3_3.mp4,0.3063269555568695,1.26145339012146,0.9507630467414856,1.278053879737854,0.3595608174800873,0.9014434218406677,0.8892894387245178,0.9011651873588562
jab_left,zkuah3_3.mp4,0.28870442509651184,1.2616276741027832,0.9499059319496155,1.2740051746368408,0.34728798270225525,0.9015184044837952,0.8791993856430054,0.9006685018539429
jab_left,zkuah3_3.mp4,0.274260014295578,1.2660294771194458,0.9499611258506775,1.2849034070968628,0.3370092511177063,0.9049170017242432,0.8765878081321716,0.901896595954895
jab_left,zkuah3_3.mp4,0.27153247594833374,1.265946865081787,0.9425860643386841,1.2867069244384766,0.329497367143631,0.9059092998504639,0.8738735318183899,0.9018251895904541
jab_left,zkuah3_3.mp4,0.2640872597694397,1.282682180404663,0.9487265348434448,1.2911787033081055,0.3238154947757721,0.9105010032653809,0.8742417693138123,0.9017100930213928
jab_left,zkuah3_3.mp4,0.26135918498039246,1.275907278060913,0.9547362327575684,1.3017232418060303,0.3247626721858978,0.9105703830718994,0.874714732170105,0.9020022749900818
jab_left,zkuah3_2.mp4,0.39514389634132385,1.2153034210205078,0.9581717252731323,1.3069045543670654,0.422530859708786,0.8741157650947571,0.8912734985351562,0.9043751358985901
jab_left,zkuah3_2.mp4,0.4034835696220398,1.2200366258621216,0.959749698638916,1.3069756031036377,0.4310188591480255,0.8716464638710022,0.8978678584098816,0.904290497303009
jab_left,zkuah3_2.mp4,0.391327440738678,1.2232306003570557,0.9593228101730347,1.3079947233200073,0.4286041259765625,0.8726551532745361,0.9006257057189941,0.9031878113746643
jab_left,zkuah3_2.mp4,0.38379403948783875,1.2428560256958008,0.9652713537216187,1.314958930015564,0.4261147677898407,0.8771325945854187,0.9061829447746277,0.9029420018196106
jab_left,zkuah3_2.mp4,0.37652623653411865,1.2582141160964966,0.9650498032569885,1.3018137216567993,0.42061951756477356,0.8915961384773254,0.9074110984802246,0.9012762308120728
jab_left,zkuah3_2.mp4,0.37180691957473755,1.2586718797683716,0.9553521275520325,1.3020634651184082,0.4163271188735962,0.8943637609481812,0.906631350517273,0.9014797806739807
jab_left,zkuah3_2.mp4,0.36909109354019165,1.2656844854354858,0.9516903162002563,1.3017210960388184,0.41494107246398926,0.9021426439285278,0.9021255970001221,0.9017757773399353
jab_left,zkuah3_2.mp4,0.3509032726287842,1.2836105823516846,0.9506373405456543,1.2980823516845703,0.396897554397583,0.9144799709320068,0.8972946405410767,0.9017788171768188
jab_left,zkuah3_2.mp4,0.3393964171409607,1.2822378873825073,0.9477427005767822,1.2966891527175903,0.38144293427467346,0.9141644239425659,0.8911720514297485,0.9041370749473572
jab_left,zkuah3_2.mp4,0.3075513243675232,1.2705590724945068,0.9478968381881714,1.2905957698822021,0.3600183129310608,0.9073149561882019,0.8824886083602905,0.904138445854187
jab_left,zkuah3_2.mp4,0.2807040512561798,1.2704578638076782,0.9480233192443848,1.2897613048553467,0.34233641624450684,0.9083124995231628,0.8783618211746216,0.9041734337806702
jab_left,zkuah3_2.mp4,0.27505266666412354,1.2719438076019287,0.948257565498352,1.290031909942627,0.33432966470718384,0.9116052389144897,0.8763487935066223,0.9041826128959656
jab_left,zkuah3_2.mp4,0.27081504464149475,1.271827220916748,0.9480337500572205,1.2927658557891846,0.32902655005455017,0.9139452576637268,0.8748348951339722,0.9043581485748291
jab_left,zkuah3_2.mp4,0.25961291790008545,1.27144455909729,0.9404652714729309,1.293448805809021,0.3251817524433136,0.9140080809593201,0.8742013573646545,0.902889609336853
jab_left,zkuah3_2.mp4,0.26182740926742554,1.271917700767517,0.9449921250343323,1.296295404434204,0.3246878981590271,0.917201042175293,0.8745655417442322,0.9028595685958862
jab_left,zkuah3_1.mp4,0.38834431767463684,1.2462540864944458,0.956803023815155,1.3185666799545288,0.4201623797416687,0.8850427269935608,0.8927497863769531,0.908532977104187
jab_left,zkuah3_1.mp4,0.3977549970149994,1.247620940208435,0.9577471613883972,1.3237411975860596,0.43014606833457947,0.8847163915634155,0.8982514142990112,0.9091582298278809
jab_left,zkuah3_1.mp4,0.3974384367465973,1.247907042503357,0.9568650126457214,1.3233332633972168,0.4301040470600128,0.8864227533340454,0.9021914005279541,0.9084053635597229
jab_left,zkuah3_1.mp4,0.3916025757789612,1.248469352722168,0.9661654829978943,1.322192668914795,0.425128698348999,0.8875455856323242,0.9060042500495911,0.9065656661987305
jab_left,zkuah3_1.mp4,0.38615772128105164,1.2521154880523682,0.9657919406890869,1.3120206594467163,0.4211450219154358,0.8905476927757263,0.9061743021011353,0.9038503170013428
jab_left,zkuah3_1.mp4,0.3843255937099457,1.2505744695663452,0.954534113407135,1.3086984157562256,0.419533371925354,0.8911658525466919,0.9053822755813599,0.9017514586448669
jab_left,zkuah3_1.mp4,0.37800073623657227,1.2628010511398315,0.9534233808517456,1.3062297105789185,0.4181109070777893,0.8995472192764282,0.9022234082221985,0.9017744064331055
jab_left,zkuah3_1.mp4,0.36439305543899536,1.274448037147522,0.9530394673347473,1.3017032146453857,0.4051232635974884,0.9045249223709106,0.8976451754570007,0.9017930626869202
jab_left,zkuah3_1.mp4,0.3264879882335663,1.2500749826431274,0.9544461965560913,1.3004004955291748,0.381110817193985,0.9017840027809143,0.891925573348999,0.9021362066268921
jab_left,zkuah3_1.mp4,0.3059350550174713,1.2489935159683228,0.9535049796104431,1.2946693897247314,0.3633679449558258,0.8950735330581665,0.8818022012710571,0.902208685874939
jab_left,zkuah3_1.mp4,0.27878624200820923,1.247409701347351,0.9534810185432434,1.286031723022461,0.3428402841091156,0.8961081504821777,0.8786941766738892,0.9008622765541077
jab_left,zkuah3_1.mp4,0.26465681195259094,1.2437100410461426,0.9519181847572327,1.285951018333435,0.33650147914886475,0.8962112665176392,0.8759883642196655,0.899403989315033
jab_left,zkuah3_1.mp4,0.25904640555381775,1.2438547611236572,0.9502591490745544,1.2895013093948364,0.3293251693248749,0.9021779298782349,0.8742452263832092,0.8992546796798706
jab_left,zkuah3_1.mp4,0.2580316364765167,1.2422409057617188,0.9430629014968872,1.2969430685043335,0.3265042006969452,0.9080663919448853,0.8738625645637512,0.8999262452125549
jab_left,zkuah3_1.mp4,0.25223830342292786,1.2425050735473633,0.9477960467338562,1.3017640113830566,0.32413333654403687,0.9109001755714417,0.8739637732505798,0.899920642375946
uppercut_right,aplagov3_5.mp4,0.5015701055526733,0.6734787225723267,0.5476539134979248,0.68887859582901,0.5503233671188354,0.8579899072647095,0.5708647966384888,0.844175398349762
uppercut_right,aplagov3_5.mp4,0.4889642298221588,0.6489146947860718,0.5495862364768982,0.6397000551223755,0.5156805515289307,0.8655344843864441,0.615886390209198,0.8412724137306213
uppercut_right,aplagov3_5.mp4,0.4998275339603424,0.6261637210845947,0.5373669266700745,0.611378014087677,0.5531400442123413,0.8400708436965942,0.6097979545593262,0.8178249001502991
uppercut_right,aplagov3_5.mp4,0.4610974192619324,0.6951053738594055,0.5348578691482544,0.6033681631088257,0.4951314330101013,0.9399002194404602,0.6269232034683228,0.8071738481521606
uppercut_right,aplagov3_5.mp4,0.45238909125328064,0.741606593132019,0.5406050086021423,0.5961209535598755,0.4759083390235901,1.0006005764007568,0.6291360259056091,0.786952555179596
uppercut_right,aplagov3_5.mp4,0.44718948006629944,0.6966637372970581,0.539479672908783,0.5894171595573425,0.46706604957580566,0.9912459254264832,0.6287403702735901,0.7768416404724121
uppercut_right,aplagov3_5.mp4,0.4396509528160095,0.950171172618866,0.5498628616333008,0.6015716195106506,0.46339893341064453,1.0582420825958252,0.6326229572296143,0.7743991613388062
uppercut_right,aplagov3_5.mp4,0.42841053009033203,1.1906099319458008,0.5540476441383362,0.6021273136138916,0.459207683801651,1.068225383758545,0.6337769627571106,0.7803604006767273
uppercut_right,aplagov3_5.mp4,0.4267705976963043,1.1637126207351685,0.5466362237930298,0.5957507491111755,0.4487135410308838,1.032185435295105,0.635078489780426,0.7764489054679871
uppercut_right,aplagov3_5.mp4,0.4242594242095947,1.161349892616272,0.5456757545471191,0.5941868424415588,0.4404144287109375,1.0225427150726318,0.6395075917243958,0.7771340012550354
uppercut_right,aplagov3_5.mp4,0.4237073063850403,1.1657592058181763,0.5435455441474915,0.60326087474823,0.43558844923973083,1.0165890455245972,0.6409280300140381,0.7806472778320312
uppercut_right,aplagov3_5.mp4,0.4232569634914398,1.1904914379119873,0.5427297353744507,0.6051033735275269,0.4353501796722412,1.0101102590560913,0.6411219835281372,0.7817399501800537
uppercut_right,aplagov3_5.mp4,0.4237895607948303,1.1778225898742676,0.5441014170646667,0.6018321514129639,0.4346591532230377,1.0082260370254517,0.6415196657180786,0.7826430201530457
uppercut_right,aplagov3_5.mp4,0.42477378249168396,1.1671382188796997,0.5461486577987671,0.6050777435302734,0.4343928396701813,1.0058529376983643,0.6425067186355591,0.7855682969093323
uppercut_right,aplagov3_5.mp4,0.4252285063266754,1.1675907373428345,0.547331690788269,0.6054849624633789,0.43435463309288025,1.004258155822754,0.6431282162666321,0.785689115524292
uppercut_right,aplagov3_4.mp4,0.43847256898880005,0.9279239177703857,0.5668798089027405,0.6088753938674927,0.43220382928848267,1.000648021697998,0.6634291410446167,0.8125861883163452
uppercut_right,aplagov3_4.mp4,0.44334596395492554,0.9078384637832642,0.5730333924293518,0.610780656337738,0.43219661712646484,0.9945387840270996,0.6679532527923584,0.8214880228042603
uppercut_right,aplagov3_4.mp4,0.44365042448043823,0.9026051163673401,0.5730884075164795,0.6111747026443481,0.43199944496154785,0.9875353574752808,0.6695462465286255,0.8253198266029358
uppercut_right,aplagov3_4.mp4,0.4445623755455017,0.9052131772041321,0.5734540224075317,0.6123439073562622,0.43191298842430115,0.987569272518158,0.6699532270431519,0.8288530111312866
uppercut_right,aplagov3_4.mp4,0.4455360472202301,0.9056704044342041,0.573344886302948,0.6127483248710632,0.43179112672805786,0.9885075688362122,0.6696234345436096,0.8311713933944702
uppercut_right,aplagov3_4.mp4,0.44490641355514526,0.9045479893684387,0.572731614112854,0.613212525844574,0.4308251440525055,0.988525927066803,0.6696531176567078,0.8304249048233032
uppercut_right,aplagov3_4.mp4,0.4443734288215637,0.9073944091796875,0.5734876394271851,0.6164459586143494,0.4295532703399658,0.9884600043296814,0.670078694820404,0.8314576745033264
uppercut_right,aplagov3_4.mp4,0.44393715262413025,0.908326268196106,0.5736915469169617,0.6185915470123291,0.4292444586753845,0.986111044883728,0.6702979207038879,0.8317278623580933
uppercut_right,aplagov3_4.mp4,0.4437468647956848,0.905598521232605,0.5735002160072327,0.6197422742843628,0.4292227625846863,0.9843162298202515,0.6702949404716492,0.8313146233558655
uppercut_right,aplagov3_4.mp4,0.4439775049686432,0.906424880027771,0.5733318328857422,0.6203349828720093,0.42913341522216797,0.9841798543930054,0.6702424883842468,0.8309327960014343
uppercut_right,aplagov3_4.mp4,0.4440239369869232,0.9057360291481018,0.5732191205024719,0.6209425926208496,0.42901867628097534,0.9831812381744385,0.6701821088790894,0.8306105136871338
uppercut_right,aplagov3_4.mp4,0.44397321343421936,0.9050170183181763,0.5731290578842163,0.6218262314796448,0.42896565794944763,0.9817067384719849,0.6702081561088562,0.8304011821746826
uppercut_right,aplagov3_4.mp4,0.4438741207122803,0.903719425201416,0.5730454325675964,0.6221970319747925,0.42881694436073303,0.9801149368286133,0.6703540086746216,0.830237090587616
uppercut_right,aplagov3_4.mp4,0.44383716583251953,0.9023054242134094,0.572994589805603,0.6224807500839233,0.42867976427078247,0.9787272214889526,0.6706753373146057,0.830098569393158
uppercut_right,aplagov3_4.mp4,0.44380393624305725,0.9020076990127563,0.5729886293411255,0.6229925155639648,0.4286794662475586,0.9781455993652344,0.6710108518600464,0.829987645149231
uppercut_right,aplagov3_1.mp4,0.44285258650779724,0.49376097321510315,0.5812329053878784,0.745229959487915,0.4226644039154053,0.799929141998291,0.664542019367218,0.9546663761138916
uppercut_right,aplagov3_1.mp4,0.44267091155052185,0.4746432304382324,0.5846622586250305,0.759027361869812,0.4202043414115906,0.7780516147613525,0.6626729965209961,0.9636860489845276
uppercut_right,aplagov3_1.mp4,0.4426465630531311,0.4655551016330719,0.5856562852859497,0.7600535154342651,0.42002296447753906,0.7695797681808472,0.6617730855941772,0.9649373292922974
uppercut_right,aplagov3_1.mp4,0.4424825608730316,0.46692413091659546,0.5869395136833191,0.760979950428009,0.41886886954307556,0.7725890278816223,0.6618034243583679,0.9681040644645691
uppercut_right,aplagov3_1.mp4,0.4424360394477844,0.464485764503479,0.5874863862991333,0.7584719061851501,0.41835102438926697,0.774167537689209,0.6619474291801453,0.966458797454834
uppercut_right,aplagov3_1.mp4,0.44241222739219666,0.46301430463790894,0.5874879360198975,0.7562123537063599,0.41836538910865784,0.7630875706672668,0.6619910597801208,0.9679601192474365
uppercut_right,aplagov3_1.mp4,0.4424367845058441,0.4605272114276886,0.5876310467720032,0.757979154586792,0.418262779712677,0.7591337561607361,0.6620576977729797,0.9716131687164307
uppercut_right,aplagov3_1.mp4,0.44242581725120544,0.45968109369277954,0.5875077247619629,0.7580472230911255,0.4174724519252777,0.7607953548431396,0.6622710227966309,0.9713875651359558
uppercut_right,aplagov3_1.mp4,0.4424930214881897,0.4585849642753601,0.5872750878334045,0.7595987319946289,0.41722139716148376,0.7621333599090576,0.6625272631645203,0.9722795486450195
uppercut_right,aplagov3_1.mp4,0.4425431191921234,0.45849427580833435,0.5872151255607605,0.7603544592857361,0.41723060607910156,0.7618887424468994,0.6628235578536987,0.9702983498573303
uppercut_right,aplagov3_1.mp4,0.44256463646888733,0.45821765065193176,0.5872190594673157,0.7604448795318604,0.41724705696105957,0.7616739869117737,0.6630290746688843,0.9695031642913818
uppercut_right,aplagov3_1.mp4,0.4425734579563141,0.4586116671562195,0.5872408747673035,0.7604731321334839,0.4172511100769043,0.7621514201164246,0.66318279504776,0.9691771864891052
uppercut_right,aplagov3_1.mp4,0.44258397817611694,0.458251029253006,0.5872728228569031,0.7603251934051514,0.41723355650901794,0.7623889446258545,0.6633084416389465,0.969124436378479
uppercut_right,aplagov3_1.mp4,0.44259485602378845,0.4581129848957062,0.5872823596000671,0.7602786421775818,0.4171999990940094,0.7624152898788452,0.6634001731872559,0.9690426588058472
uppercut_right,aplagov3_1.mp4,0.4426097869873047,0.457748144865036,0.5872822403907776,0.7603675723075867,0.4171847701072693,0.762474000453949,0.663483738899231,0.9690700769424438
uppercut_right,aplagov3_3.mp4,0.44002264738082886,0.901668906211853,0.567111074924469,0.667277455329895,0.4209304451942444,0.9733752608299255,0.6604347825050354,0.8707895874977112
uppercut_right,aplagov3_3.mp4,0.43831124901771545,0.9127781391143799,0.5614394545555115,0.653110146522522,0.42253750562667847,0.9900481104850769,0.6593035459518433,0.8560566306114197
uppercut_right,aplagov3_3.mp4,0.43517860770225525,0.9049239158630371,0.5596134066581726,0.648968517780304,0.42406368255615234,0.9887773990631104,0.6580752730369568,0.8528116941452026
uppercut_right,aplagov3_3.mp4,0.4339202344417572,0.8928399085998535,0.5581183433532715,0.6451150178909302,0.42415207624435425,0.9830033779144287,0.6568605899810791,0.8509676456451416
uppercut_right,aplagov3_3.mp4,0.4319058954715729,0.9060418009757996,0.5590141415596008,0.6457245945930481,0.4244083762168884,0.9801133871078491,0.6563295125961304,0.849548876285553
uppercut_right,aplagov3_3.mp4,0.43218761682510376,0.9035012722015381,0.5600599050521851,0.6459413170814514,0.4246377944946289,0.9788852334022522,0.6562215089797974,0.8491674661636353
uppercut_right,aplagov3_3.mp4,0.43242278695106506,0.9010339379310608,0.560348391532898,0.6463044285774231,0.42485958337783813,0.9804283380508423,0.656173825263977,0.8497328162193298
uppercut_right,aplagov3_3.mp4,0.43241891264915466,0.902442991733551,0.5601599216461182,0.6451737284660339,0.42481666803359985,0.9769691228866577,0.6558157801628113,0.8490402102470398
uppercut_right,aplagov3_3.mp4,0.43222466111183167,0.9123792052268982,0.5601639151573181,0.6447031497955322,0.423949658870697,0.9797196984291077,0.6556577086448669,0.849242091178894
uppercut_right,aplagov3_3.mp4,0.4319940507411957,0.9139589667320251,0.5599895715713501,0.6443265080451965,0.42324408888816833,0.979874849319458,0.6555286645889282,0.8498947024345398
uppercut_right,aplagov3_3.mp4,0.4319395422935486,0.9050630927085876,0.5597395896911621,0.6435117721557617,0.42276015877723694,0.9797162413597107,0.6553500890731812,0.8501989841461182
uppercut_right,aplagov3_3.mp4,0.43194904923439026,0.899798572063446,0.559558629989624,0.6430737972259521,0.4225328862667084,0.9797207117080688,0.6552740931510925,0.8502548336982727
uppercut_right,aplagov3_3.mp4,0.4319818615913391,0.8974647521972656,0.5595095157623291,0.6428799629211426,0.42252644896507263,0.9797597527503967,0.6552167534828186,0.8502600789070129
uppercut_right,aplagov3_3.mp4,0.4320066571235657,0.8957198858261108,0.5595114827156067,0.6429651379585266,0.4225274920463562,0.9796525835990906,0.6551896333694458,0.8502402305603027
uppercut_right,aplagov3_3.mp4,0.43205493688583374,0.8949679136276245,0.5595091581344604,0.6430439949035645,0.4225238859653473,0.9795923233032227,0.6551628708839417,0.8500738143920898
uppercut_right,aplagov3_2.mp4,0.4398263990879059,0.5808286666870117,0.599425196647644,0.7677057981491089,0.4229988157749176,0.8524287939071655,0.6608088612556458,0.9698663353919983
uppercut_right,aplagov3_2.mp4,0.4436342716217041,0.5618405938148499,0.6070360541343689,0.7829594016075134,0.4239911437034607,0.8291387557983398,0.6652848720550537,0.990545392036438
uppercut_right,aplagov3_2.mp4,0.44529861211776733,0.561497151851654,0.6081079840660095,0.7859655022621155,0.42432379722595215,0.8300402164459229,0.6668118834495544,0.9788200259208679
uppercut_right,aplagov3_2.mp4,0.4455886781215668,0.5544849634170532,0.6094671487808228,0.7824627161026001,0.42433682084083557,0.8264752626419067,0.6686266660690308,0.9784451127052307
uppercut_right,aplagov3_2.mp4,0.4457215368747711,0.5473361015319824,0.6108970642089844,0.7821761965751648,0.4243219792842865,0.824702799320221,0.6691617369651794,0.9806593060493469
uppercut_right,aplagov3_2.mp4,0.4455936849117279,0.5489161014556885,0.6124061346054077,0.7826812863349915,0.42423415184020996,0.8261446356773376,0.6702856421470642,0.9814577102661133
uppercut_right,aplagov3_2.mp4,0.4457620680332184,0.5434213876724243,0.6130777597427368,0.7825351357460022,0.423485666513443,0.821130096912384,0.6714030504226685,0.9853808283805847
uppercut_right,aplagov3_2.mp4,0.44615083932876587,0.5434657335281372,0.6133027076721191,0.7833643555641174,0.423225462436676,0.8204675316810608,0.6717289686203003,0.9876804947853088
uppercut_right,aplagov3_2.mp4,0.44635191559791565,0.5444913506507874,0.6131017804145813,0.7836506962776184,0.4230153560638428,0.8224493861198425,0.6719634532928467,0.9882599711418152
uppercut_right,aplagov3_2.mp4,0.4464755654335022,0.5451051592826843,0.6129407286643982,0.7837520241737366,0.4228857457637787,0.8232494592666626,0.6721090078353882,0.9879975318908691
uppercut_right,aplagov3_2.mp4,0.44657063484191895,0.5451668500900269,0.6129303574562073,0.7839813828468323,0.4227953851222992,0.8236860632896423,0.672226071357727,0.9876426458358765
uppercut_right,aplagov3_2.mp4,0.44664478302001953,0.5450604557991028,0.6128586530685425,0.7839968204498291,0.42273277044296265,0.8237937688827515,0.6723167300224304,0.9871854186058044
uppercut_right,aplagov3_2.mp4,0.4467088282108307,0.5450521111488342,0.6128563284873962,0.7841654419898987,0.4226810336112976,0.8236266374588013,0.6723732948303223,0.9870566725730896
uppercut_right,aplagov3_2.mp4,0.4467647969722748,0.5450060367584229,0.6128976345062256,0.7843515872955322,0.4226416051387787,0.8233799338340759,0.6724224090576172,0.9871231317520142
uppercut_right,aplagov3_2.mp4,0.446810245513916,0.5449459552764893,0.612857460975647,0.7843579649925232,0.42263269424438477,0.8230850100517273,0.6724475622177124,0.986997663974762
uppercut_right,zkuah3_5.mp4,0.2739120423793793,1.01850163936615,0.8045485615730286,1.0694245100021362,0.27632156014442444,0.8449018001556396,0.786072313785553,0.9031749963760376
uppercut_right,zkuah3_5.mp4,0.24009758234024048,1.103664517402649,0.8357824683189392,1.0786417722702026,0.25755614042282104,0.8687282800674438,0.7815006375312805,0.8789873123168945
uppercut_right,zkuah3_5.mp4,0.2532286047935486,1.0387436151504517,0.8621047735214233,1.1099648475646973,0.25998538732528687,0.8728704452514648,0.7869703769683838,0.8823089003562927
uppercut_right,zkuah3_5.mp4,0.26143619418144226,1.0779554843902588,0.8810165524482727,1.2238348722457886,0.25755053758621216,0.8765887022018433,0.8006178736686707,0.8883001804351807
uppercut_right,zkuah3_5.mp4,0.23828083276748657,1.10371994972229,0.8914222717285156,1.229479432106018,0.2612883448600769,0.8816773295402527,0.806834876537323,0.8961563110351562
uppercut_right,zkuah3_5.mp4,0.2343691736459732,1.2028698921203613,0.8938631415367126,1.2653467655181885,0.2707899510860443,0.8984880447387695,0.814287543296814,0.9033747911453247
uppercut_right,zkuah3_5.mp4,0.23222112655639648,1.1954147815704346,0.887542188167572,1.2943968772888184,0.26619333028793335,0.8974885940551758,0.8192183375358582,0.9077246785163879
uppercut_right,zkuah3_5.mp4,0.23292282223701477,1.2490904331207275,0.8968832492828369,1.2922639846801758,0.27156952023506165,0.9057512283325195,0.8234285712242126,0.9079225063323975
uppercut_right,zkuah3_5.mp4,0.23059812188148499,1.277012825012207,0.9025870561599731,1.3255772590637207,0.27385565638542175,0.9112502932548523,0.8323758244514465,0.9085811376571655
uppercut_right,zkuah3_5.mp4,0.23251287639141083,1.3092130422592163,0.9033069014549255,1.3377100229263306,0.2699146270751953,0.9104584455490112,0.8432442545890808,0.912169337272644
uppercut_right,zkuah3_5.mp4,0.23009179532527924,1.3380703926086426,0.9202796220779419,1.3586750030517578,0.27095556259155273,0.9159204959869385,0.8561408519744873,0.9177234172821045
uppercut_right,zkuah3_5.mp4,0.234134703874588,1.3226065635681152,0.9208013415336609,1.3518637418746948,0.27559781074523926,0.9178962111473083,0.8649542927742004,0.917523980140686
uppercut_right,zkuah3_5.mp4,0.2421736866235733,1.320566177368164,0.9225345253944397,1.3352773189544678,0.2758523225784302,0.9153925776481628,0.8754331469535828,0.9079360365867615
uppercut_right,zkuah3_5.mp4,0.24195344746112823,1.3304330110549927,0.9318186640739441,1.3490420579910278,0.2756686806678772,0.9220612645149231,0.8804901242256165,0.9082862734794617
uppercut_right,zkuah3_5.mp4,0.2381390631198883,1.3251532316207886,0.9254351854324341,1.3544896841049194,0.2720257639884949,0.9200957417488098,0.8853588700294495,0.9061959981918335
uppercut_right,zkuah3_4.mp4,0.20808720588684082,1.3075231313705444,0.8925768136978149,1.3440370559692383,0.25703874230384827,0.9243995547294617,0.8191492557525635,0.9161195755004883
uppercut_right,zkuah3_4.mp4,0.1892910599708557,1.314745545387268,0.8925266265869141,1.3678534030914307,0.25263532996177673,0.9310784935951233,0.8107507824897766,0.9223785996437073
uppercut_right,zkuah3_4.mp4,0.22411152720451355,1.271826148033142,0.8613301515579224,1.3546103239059448,0.25700661540031433,0.9306318759918213,0.8073297739028931,0.9252534508705139
uppercut_right,zkuah3_4.mp4,0.2324572205543518,1.2706372737884521,0.8560019135475159,1.3514750003814697,0.2599177956581116,0.9302971959114075,0.8096207976341248,0.9253996014595032
uppercut_right,zkuah3_4.mp4,0.24201460182666779,1.2702162265777588,0.83671635389328,1.3527721166610718,0.26108020544052124,0.9346439838409424,0.8124454021453857,0.9264433979988098
uppercut_right,zkuah3_4.mp4,0.2422468364238739,1.2902214527130127,0.8373713493347168,1.3795281648635864,0.26616722345352173,0.9399522542953491,0.8159694075584412,0.9326018691062927
uppercut_right,zkuah3_4.mp4,0.24252912402153015,1.308828592300415,0.8664042949676514,1.424375295639038,0.2668052911758423,0.9411294460296631,0.8251898884773254,0.9401518702507019
uppercut_right,zkuah3_4.mp4,0.24310192465782166,1.3077365159988403,0.8724244236946106,1.4136210680007935,0.2681359648704529,0.9408430457115173,0.830119788646698,0.9400548338890076
uppercut_right,zkuah3_4.mp4,0.24799621105194092,1.305665135383606,0.8732772469520569,1.4053012132644653,0.26928550004959106,0.9409216046333313,0.838287889957428,0.9411322474479675
uppercut_right,zkuah3_4.mp4,0.24803215265274048,1.3187588453292847,0.8864131569862366,1.3985928297042847,0.2716752886772156,0.9407705664634705,0.850656270980835,0.941058337688446
uppercut_right,zkuah3_4.mp4,0.24807216227054596,1.3313019275665283,0.9028981328010559,1.3955495357513428,0.2721273601055145,0.9398927688598633,0.8629259467124939,0.9337838292121887
uppercut_right,zkuah3_4.mp4,0.25220832228660583,1.3259867429733276,0.9024612307548523,1.3930217027664185,0.27248504757881165,0.9387593865394592,0.8664993047714233,0.919163167476654
uppercut_right,zkuah3_4.mp4,0.2522430717945099,1.3256531953811646,0.8903844356536865,1.3842415809631348,0.2725641131401062,0.9294971227645874,0.8745248913764954,0.9156323671340942
uppercut_right,zkuah3_4.mp4,0.2534083127975464,1.3207656145095825,0.8906388878822327,1.3835716247558594,0.27276846766471863,0.9221264123916626,0.8765113353729248,0.913249135017395
uppercut_right,zkuah3_4.mp4,0.25453487038612366,1.3031446933746338,0.8903878927230835,1.3801615238189697,0.2729354500770569,0.9112293720245361,0.8757325410842896,0.9092837572097778
uppercut_right,zkuah3_3.mp4,0.22942352294921875,1.3025100231170654,0.8866175413131714,1.3624670505523682,0.2591222822666168,0.9113610982894897,0.816650927066803,0.9129736423492432
uppercut_right,zkuah3_3.mp4,0.23021891713142395,1.2928858995437622,0.8583501577377319,1.346550464630127,0.257192462682724,0.9179062843322754,0.8044353127479553,0.9132047295570374
uppercut_right,zkuah3_3.mp4,0.23041248321533203,1.2568248510360718,0.8482706546783447,1.3451265096664429,0.2565458416938782,0.9167920351028442,0.8070478439331055,0.9148296117782593
uppercut_right,zkuah3_3.mp4,0.23149286210536957,1.2595645189285278,0.854353666305542,1.3516565561294556,0.25697287917137146,0.9192555546760559,0.8121955990791321,0.9182257056236267
uppercut_right,zkuah3_3.mp4,0.23271682858467102,1.2105412483215332,0.851287841796875,1.3572959899902344,0.2619697153568268,0.9191471338272095,0.8148768544197083,0.920171856880188
uppercut_right,zkuah3_3.mp4,0.23639316856861115,1.2205142974853516,0.8687903881072998,1.369404673576355,0.2666868269443512,0.9193079471588135,0.8160597085952759,0.919564962387085
uppercut_right,zkuah3_3.mp4,0.2340085208415985,1.2823690176010132,0.8808439373970032,1.4051902294158936,0.2715199887752533,0.924353301525116,0.8193985819816589,0.9266058802604675
uppercut_right,zkuah3_3.mp4,0.23713943362236023,1.3003932237625122,0.8901656270027161,1.4026360511779785,0.27596867084503174,0.9293449521064758,0.8232781887054443,0.9271581172943115
uppercut_right,zkuah3_3.mp4,0.24426987767219543,1.2982097864151,0.8942834138870239,1.3998841047286987,0.2769317030906677,0.9286680221557617,0.8290907740592957,0.9268025755882263
uppercut_right,zkuah3_3.mp4,0.24400751292705536,1.312516689300537,0.8962790966033936,1.3952693939208984,0.2776030898094177,0.928776204586029,0.8382726907730103,0.9212530255317688
uppercut_right,zkuah3_3.mp4,0.24620339274406433,1.3274747133255005,0.8956130146980286,1.3956564664840698,0.27839305996894836,0.9320604205131531,0.8504208326339722,0.921235203742981
uppercut_right,zkuah3_3.mp4,0.2460671365261078,1.3283555507659912,0.8911476135253906,1.3936036825180054,0.2789073586463928,0.9328137636184692,0.8626858592033386,0.920455276966095
uppercut_right,zkuah3_3.mp4,0.24590083956718445,1.3269802331924438,0.8882980346679688,1.3703440427780151,0.27882930636405945,0.9267075657844543,0.8771961331367493,0.9174834489822388
uppercut_right,zkuah3_3.mp4,0.24546381831169128,1.3250398635864258,0.888871431350708,1.3654080629348755,0.27861812710762024,0.9249743223190308,0.8812788724899292,0.9171560406684875
uppercut_right,zkuah3_3.mp4,0.24545392394065857,1.3262701034545898,0.8959991335868835,1.365599274635315,0.27859804034233093,0.9289785027503967,0.8817082047462463,0.9171668291091919
uppercut_right,zkuah3_2.mp4,0.22522613406181335,1.3250374794006348,0.8872567415237427,1.3614928722381592,0.2665139436721802,0.9258682131767273,0.819572925567627,0.9213752746582031
uppercut_right,zkuah3_2.mp4,0.22664985060691833,1.2656794786453247,0.8378269672393799,1.3298733234405518,0.2561796009540558,0.924380898475647,0.8069203495979309,0.9213770627975464
uppercut_right,zkuah3_2.mp4,0.22723862528800964,1.2663689851760864,0.8427411913871765,1.331444263458252,0.2573813796043396,0.9243007302284241,0.8076555728912354,0.9225138425827026
uppercut_right,zkuah3_2.mp4,0.23181922733783722,1.2599443197250366,0.8447292447090149,1.3361732959747314,0.2582405209541321,0.9237251281738281,0.8097488880157471,0.9214083552360535
uppercut_right,zkuah3_2.mp4,0.2374720275402069,1.241227388381958,0.8481010794639587,1.3315982818603516,0.2625346779823303,0.9199499487876892,0.813288152217865,0.9202793836593628
uppercut_right,zkuah3_2.mp4,0.253717839717865,1.1613585948944092,0.8505783677101135,1.332215666770935,0.26628372073173523,0.9173738956451416,0.8154816031455994,0.9189661741256714
uppercut_right,zkuah3_2.mp4,0.2535420358181,1.1706578731536865,0.8609251976013184,1.3704525232315063,0.268783301115036,0.917309045791626,0.8205206990242004,0.9203504920005798
uppercut_right,zkuah3_2.mp4,0.251153826713562,1.24575674533844,0.8669441342353821,1.3885936737060547,0.27121812105178833,0.9202831983566284,0.8237640857696533,0.9236481785774231
uppercut_right,zkuah3_2.mp4,0.2549722492694855,1.252728819847107,0.8725247383117676,1.3942253589630127,0.27275243401527405,0.9233426451683044,0.8291018009185791,0.9236363172531128
uppercut_right,zkuah3_2.mp4,0.2526571452617645,1.30252206325531,0.9078562259674072,1.3937760591506958,0.27390193939208984,0.9255284070968628,0.8384110331535339,0.9246023297309875
uppercut_right,zkuah3_2.mp4,0.2538450062274933,1.3174407482147217,0.9071290493011475,1.392271637916565,0.27451378107070923,0.9297763109207153,0.853763997554779,0.9219972491264343
uppercut_right,zkuah3_2.mp4,0.2537008821964264,1.322662353515625,0.9000590443611145,1.3758246898651123,0.2755332887172699,0.930280327796936,0.8680970072746277,0.9206797480583191
uppercut_right,zkuah3_2.mp4,0.2480102777481079,1.3295718431472778,0.8899791240692139,1.3707194328308105,0.2755686640739441,0.9289610385894775,0.8743308782577515,0.9204766154289246
uppercut_right,zkuah3_2.mp4,0.24601449072360992,1.3294188976287842,0.8921768069267273,1.3706941604614258,0.27557873725891113,0.9304534196853638,0.877593457698822,0.9205493330955505
uppercut_right,zkuah3_2.mp4,0.24598835408687592,1.3287780284881592,0.8884146213531494,1.3673040866851807,0.27575093507766724,0.9364395141601562,0.878157377243042,0.9246996641159058
uppercut_right,zkuah3_1.mp4,0.2294391244649887,1.3204277753829956,0.879758358001709,1.357226848602295,0.26806843280792236,0.9279841780662537,0.815188467502594,0.9244210720062256
uppercut_right,zkuah3_1.mp4,0.23285891115665436,1.2674403190612793,0.8338190317153931,1.3236112594604492,0.25896209478378296,0.925880491733551,0.8021058440208435,0.9238401055335999
uppercut_right,zkuah3_1.mp4,0.23536337912082672,1.262794017791748,0.8324446678161621,1.326659917831421,0.259711354970932,0.9244444370269775,0.8059380650520325,0.9238417744636536
uppercut_right,zkuah3_1.mp4,0.2356048971414566,1.2647764682769775,0.8512136340141296,1.3386942148208618,0.2599690854549408,0.9241430759429932,0.8098004460334778,0.9216463565826416
uppercut_right,zkuah3_1.mp4,0.23894323408603668,1.2113010883331299,0.8508523106575012,1.337459683418274,0.263434499502182,0.9175779819488525,0.8130797147750854,0.9210337996482849
uppercut_right,zkuah3_1.mp4,0.2512723505496979,1.1542558670043945,0.8514785170555115,1.3429006338119507,0.2660501003265381,0.91527259349823,0.8147569298744202,0.9201934933662415
uppercut_right,zkuah3_1.mp4,0.24715788662433624,1.225473403930664,0.8679078817367554,1.3849852085113525,0.2691088914871216,0.9163633584976196,0.8214511275291443,0.9221788048744202
uppercut_right,zkuah3_1.mp4,0.2455802857875824,1.2852697372436523,0.8731293082237244,1.3976331949234009,0.27346453070640564,0.9242698550224304,0.8270171284675598,0.9280067682266235
uppercut_right,zkuah3_1.mp4,0.2519921064376831,1.2846804857254028,0.8731997013092041,1.396479606628418,0.2747654616832733,0.9250737428665161,0.8335363864898682,0.9282716512680054
uppercut_right,zkuah3_1.mp4,0.2512253224849701,1.3084280490875244,0.9062053561210632,1.3955051898956299,0.2750045359134674,0.926174521446228,0.8440479636192322,0.9283640384674072
uppercut_right,zkuah3_1.mp4,0.25285956263542175,1.3216286897659302,0.9130648374557495,1.393979549407959,0.2752935290336609,0.9300107955932617,0.85744309425354,0.9268182516098022
uppercut_right,zkuah3_1.mp4,0.25271499156951904,1.326635479927063,0.9125004410743713,1.3844573497772217,0.27715742588043213,0.9315877556800842,0.8642618656158447,0.9243674278259277
uppercut_right,zkuah3_1.mp4,0.24736741185188293,1.3306682109832764,0.9081843495368958,1.3808448314666748,0.277130663394928,0.931616485118866,0.8727661371231079,0.9242886304855347
uppercut_right,zkuah3_1.mp4,0.24369566142559052,1.3381532430648804,0.900440514087677,1.3767167329788208,0.2771279215812683,0.9345163702964783,0.8754820227622986,0.9278190732002258
uppercut_right,zkuah3_1.mp4,0.24365845322608948,1.3361245393753052,0.9013742804527283,1.3774899244308472,0.2771286070346832,0.9376626014709473,0.8775252103805542,0.9279771447181702
